SMILES,Activity
O=C1C(C(C)C)NC(=O)N1,0
O(CC(O)C)C,1
O=C(O)C(N)CC(=O)O,1
ClC=1C(O)=C(Cl)C=C(Cl)C1,1
O=C(NC=1C(C)=CC(C)=CC1)CC(=O)C,0
ClC=1C=CC(NC(=N)NC(=N)CCCCCCNC(=N)NC(=N)C=2C=CC(Cl)=CC2)=CC1,0
S=C=NC,0
O=[N+]([O-])C=1C(C)=C(C)C=CC1,0
ClC=1N=C(NCC)N=C(NCC)N1,0
P(=O)(OC=1C=CC(C)=CC1)(OC=2C=CC(C)=CC2)OC=3C=CC(C)=CC3,1
BrC=1C(O)=C(Br)C=C2C3(OC(=O)C=4C(Cl)=C(Cl)C(Cl)=C(Cl)C34)C=5C(=C(Br)C(O)=C(Br)C5)OC12,0
O=[N+]([O-])C=1C=C(C#N)C(N=NC=2C=CC(N(CCC#N)CCC=3C=CC=CC3)=CC2)=CC1,0
N(CCN)CC=1C=CC=CC1,0
O=C(O)C1=CC=CN=C1,1
NC=1C(C)=CC(C=2C=C(C)C(N)=CC2)=CC1,0
CCNCC,1
NCCCCC,1
ClC1(Cl)C2(Cl)C(Cl)=C(Cl)C1(Cl)C(C(=O)O)C2C(=O)O,0
ClC1(Cl)C2(Cl)C(Cl)=C(Cl)C1(Cl)C3C2C4C5OC5C3C4,0
OCCCCCCCCCC,1
OC=1C=CC(CC)=CC1,1
OCCCOCCCO,0
BrC=1C(C=2C(Br)=CC(Br)=CC2Br)=C(Br)C=C(Br)C1,0
ClC=1C=CC(N)=CC1,0
BrC=1C(Br)=C(Br)C(Br)=C(Br)C1Br,0
ClC=1C(N=NC=2C(C)=C(C#N)C(NCCCOCCOC=3C=CC=CC3)=NC2NCCCOCCOC=4C=CC=CC4)=CC=C(S(=O)(=O)C)C1,0
[N+](=O)(C(Br)(CO)CO)[O-],0
ClC=1C=2C(=O)C(=C3C(=O)C4=C(Cl)C=CC(Cl)=C4S3)SC2C(Cl)=CC1,0
O=C(OCC)C=1C=CC(O)=CC1,1
O=[N+]([O-])C=1C=C([N+](=O)[O-])C=C(C(=O)O)C1,0
O=C(C=1C(O)=CC(OC)=CC1)C=2C=CC=CC2,0
C=12C(=CC=CC1)C(C(C=3C(O)=C(Br)C=4C(=CC=CC4)N3)C2=O)=O,0
ClC(C=1C=CC=CC1)C=2C=CC=CC2,1
BrC1C(Br)C(Br)C(Cl)C(Br)C1Br,0
NC=1N=C(N)C=CC1,0
C1CCC(CC1)NSC2=NC3=CC=CC=C3S2,0
BrC1=C(N=NC2=C(Cl)C=C(N(CCO)CCO)C=C2)C(Cl)=CC([N+](=O)[O-])=C1,0
O=C(O)C=1C=C(O)C(O)=CC1,1
FC(F)(F)C(F)(F)C(F)(F)C(F)(F)C(F)(F)C(F)(F)C(F)(F)C(=O)O,0
O=[N+]([O-])C=1C(CC)=CC=CC1,0
NC=1C(C)=C(C)C=CC1,0
BrC,0
S=C(S)NC,0
O(C=1C=2C(C(=C(C1[H])[H])[H])=C(C(=C(C2[H])[H])[H])[H])[H],1
NC=1C=CC(CCCCCCCCCCCC)=CC1,1
OC=1C=CC(C(C)(C)C=2C=CC=CC2)=CC1,0
CC(=O)NCC1CCCCC1,1
O(C)C=1C(OC)=CC=C(CC=C)C1,1
O=[N+]([O-])C=1C=C([N+](=O)[O-])C=CC1,0
[Sn](OC(=O)C(=C)C)(CCCC)(CCCC)CCCC,0
OCC(N)(CO)CC,0
O=C(OC)NC=1C=CC(N=NC=2C(C)=CC(N=NC=3C=CC(O)=CC3)=CC2)=CC1,0
O=C(OCC(O)C1C(O)C(O)CO1)CCCCCCCC=CCCCCCCCC,1
O=C(OCC(O)C1C(O)C(O)CO1)CCCCCCCC=CCCCCCCCC,1
OCC=C,1
O(CC=1C=CC=CC1)CC=2C=CC=CC2,0
O(CCO)CC,1
C(=O)(C)CC,1
S=P(SC(C(=O)OCC)C=1C=CC=CC1)(OC)OC,0
O(C)C=1C=CC(OC)=CC1,1
O=C1NCCN1,0
O=C(O)C1=CC=CC=N1,1
SC=1NN=C(N)N1,0
O=C(OCC(CCCC)CC)CCCCC(=O)OCC(CCCC)CC,1
S1C=2C(N=C1SCSC#N)=CC=CC2,0
O=C(NCCOC(=O)CCC=1C=C(C(C)(C)C)C(O)=C(C(C)(C)C)C1)C(=O)NCCOC(=O)CCC=2C=C(C(C)(C)C)C(O)=C(C(C)(C)C)C2,0
O=CC=1C=C(OC=2C=CC=CC2)C=CC1,0
O=C(O)C(C)C=1C=CC(CC(C)C)=CC1,0
O=C(O)C=1C(N)=CC=CC1,1
ClC=1C(C(=O)O)=C(Cl)C=CC1Cl,0
O=C(OC=1C=C(C)C(N(C)C)=CC1)NC,1
OC=1C=CC=CC1,1
O=C1C=2C(C(=O)C=3C1=CC=CC3)=CC=C(N)C2,0
ClC1=C(N=NC=2C(C)=CC(N(CCOC(=O)OC)CCOC(=O)OC)=CC2)C(Cl)=CC([N+](=O)[O-])=C1,0
CC1=C2C=3C(=CC=4C=5C(C=CC4C3CC2)=CC=CC5)C=C1,0
ClC=1C(Cl)=CC(O)=C(Cl)C1,0
O=[N+]([O-])C=1C(C)=CC=C(O)C1,0
O(C)C=1C(NC=2C=3C(=O)C=4C(C(=O)C3C(N)=CC2)=CC=CC4)=CC=CC1,0
O=C(N(C)C)C=C,0
C[Si]1(C)O[Si](C)(C)O[Si](C)(C=2C=CC=CC2)O[Si](C)(C)O1,0
C(CC(C)(C)C)(CC(CC(C)(C)C)C)(C)C,0
OC=1C=CC(CCCCCCCC)=CC1,0
ClC=1C=CC(CC#N)=CC1,0
O=C(NC)C,1
OC(CCC)C,1
OC(C=C)(CCC=C(C)C)C,1
C=1NC=CC1,1
O=C(N(C)C)C,1
O=C1OCCO1,1
O=C(N(CCO)CCO)CCCCCCC,1
O=C(CCN(CCC(=O)C=1C=CC=CC1)CC2(C)C3C(C)(C=4C(=CC(C(C)C)=CC4)CC3)CCC2)C,0
O(CC(O)C)CCCC,1
OCCNC(C)(C)C,0
C=CC1=CC=CC=N1,0
ClC=1C(C)=C(Cl)C=CC1,0
C(=C)(CC(CCC)C)C,0
O=C(N=NC(=O)N)N,0
O=C(NC=1C=CC(C)=CC1)CC(=O)C,1
C(=O)=NCCCCCCCCCCCCCCCCCC,0
O=C1C=2C(NC(C)C)=CC=C(NC(C)C)C2C(=O)C=3C1=CC=CC3,0
ClC=1C(C)=CC=C([N+](=O)[O-])C1,0
P(OCCCCCCCCCCCCC)(OC=1C=CC=CC1)OC=2C=CC=CC2,0
O(CC(C)C)C=1C=C2C(=CC1)C=CC=C2,0
ClCC=1C(Cl)=CC=CC1,0
ClCC=1C=CC([N+](=O)[O-])=CC1,0
SC=1C=CC=CC1,0
O=C1C(O)=CC=CN1,0
O=C(C)C=1C=CC(O)=CC1,1
ClC=CCl,0
BrC=1C(O)=C(Br)C=C(C)C1,0
ClC=1C=C(C=C)C=CC1,0
O=CC=1C=CC(CCCC)=CC1,0
[N+](CCCCCCCCCCCC)(CC=1C=CC=CC1)(C)C.[Cl-],0
FC(F)(F)C(F)(F)C(F)(F)C(F)(F)N(C(F)(F)C(F)(F)C(F)(F)C(F)(F)F)C(F)(F)C(F)(F)C(F)(F)C(F)(F)F,0
ClC(Cl)(C(=O)O)C,0
O=C(OCCCCCCCCCCCCCCCCCC)C(=C)C,1
ClC=1C(O)=C([N+](=O)[O-])C=C(Cl)C1,0
P(=O)(OP(=O)(OCC[N+](C)(C)C)[O-])(OCC1C(O)C(O)C(N2C(=O)N=C(N)C=C2)O1)O,1
C(C=1C=CC=CC1)C=2C=CC=CC2,0
SC=1C=C2C(=CC1)C=CC=C2,0
C1=CCCC1,1
ClCCCC,0
CNS(=O)(=O)C(F)(F)C(F)(F)C(F)(F)C(F)(F)C(F)(F)C(F)(F)C(F)(F)F,0
NC=1C=CC(C(C)C)=CC1,0
BrC(Br)Cl,0
O=C(OCCCCCCCCCCCCCCCCCC)CCC=1C=C(C(C)(C)C)C(O)=C(C(C)(C)C)C1,0
CC12C(C(CC1=O)CC2)(C)C,1
O=[N+]([O-])C=1C=2C(=O)C=3C(NC=4C=CC=CC4)=CC=C(O)C3C(=O)C2C(O)=CC1,0
O=C(OC1C(C)=C(CC=C)C(=O)C1)C2C(C)(C)C2C=C(C)C,0
CCCC[Sn](CCCC)(OC(=O)CCCCCCCCCCC)OC(=O)CCCCCCCCCCC,0
CC=1C=CC=CC1,1
N(=NC(C#N)(CC(C)C)C)C(C#N)(CC(C)C)C,0
O=C(N(CCO)CCO)CCCCCCCCCCCCCCC,1
CCOS(=O)(=O)OCC,1
ClC(C(=O)OC)C,1
COP(=O)(OC)OC(=CCl)C1=CC(Cl)=C(Cl)C=C1Cl,0
NC=1C=NC=CC1,0
O=C(NC=1C=CC=CC1)CC(=O)C,1
S1C(=C(C(=C1[H])[H])C([H])([H])[H])[H],0
O=C(O)CCCCCCCCCC,1
OCC=1C=C(C(C)(C)C)C(O)=C(C(C)(C)C)C1,0
O=C(N([H])[H])C([H])([H])[H],1
[N+](CCCCCCCCCC)(CC=1C=CC=CC1)(C)C.[Cl-],0
O=C(O)C=1C=CC(C)=CC1,1
C(CCCCCCCCCCCCCCCCCCCCC)N(C)C,1
ClC1CCCCC1,0
ClC=1C(Cl)=C(Cl)C=C(Cl)C1Cl,0
C(N)CNCCNCCN,0
O=[N+]([O-])C=1C=2C(=C([N+](=O)[O-])C=CC2)C=CC1,0
O=C(O)C(CC(=O)O)=C,1
OCCCCCCCCCCCCCCCCCCCCCCCCCC,1
ClC=1C(Cl)=CC=CC1O,0
O=CC=1C=CC(N(CC)CC)=CC1,0
O=C(NC1=C(C)C=CC=C1)C(N=NC2=C(OC)C=C(C=3C=C(OC)C(N=NC(C(=O)NC4=C(C)C=CC=C4)C(=O)C)=CC3)C=C2)C(=O)C,0
C(C)(Cl)(Cl)Cl,0
OCCN(C)C,1
O=C(OCC(C)C)C1=CC=CC=C1C(=O)OCC(C)C,1
C12(COC(CCCN)OC1)COC(CCCN)OC2,0
ClC=1C(Cl)=C(Cl)C(C#N)=C(C#N)C1Cl,0
N(C(=N)NC(=N)N)(C)C,0
O=[N+]([O-])C=1C(C)=CC=C([N+](=O)[O-])C1,0
O=C(O)C=CC=1C=CC=CC1,1
ClC=1C=CC(C(=O)C=2C=C([N+](=O)[O-])C(N=NC3=C(O)N(CCCC)C(=O)C(C#N)=C3C)=CC2)=CC1,0
OCCCCC,1
ClC(Cl)(Cl)[N+](=O)[O-],0
O1CCN(CC1)SSN2CCOCC2,0
[Na]OC(=O)C=1C(C=2C=3C(OC=4C2C=CC(=O)C4)=CC(O[Na])=CC3)=CC=CC1,0
O=C(CCO)C,1
IC=1C(N(C(=O)C)CC(O)CO)=C(I)C(C(=O)NCC(O)CO)=C(I)C1C(=O)NCC(O)CO,0
S(C=1C(C)=CC(O)=C(C(C)(C)C)C1)C=2C(C)=CC(O)=C(C(C)(C)C)C2,0
FC(F)(F)C(O)C(F)(F)F,0
O=C(O)C=1C=C2C(=CC1)C=CC=C2,1
S(=O)(=O)(OC=1C=CC(NC=2C=3C(=O)C=4C(C(=O)C3C(O)=CC2)=CC=CC4)=CC1)C,0
OCC(CO)(CO)C,0
O=C(O)C=1C=C(OC)C=CC1,1
O=[N+]([O-])C=1C=CC(N=NC=2C=C(OC)C(N=NC=3C=CC(O)=CC3)=CC2)=CC1,0
O(C)C=1C=C(C(C)(C)C)C(O)=CC1,0
O=C(C=C(C)C)C,1
N(C(=N)N)(C=1C=CC=CC1)C=2C=CC=CC2,0
OC=1C(C)=CC(C)=CC1,1
P(=O)(OC=1C=CC=CC1)(OC=2C=CC=CC2)OC=3C=CC=CC3,1
FC(F)(F)C=1C=C2N(CCCN3CCN(CCOC(=O)CCCCCC)CC3)C=4C(SC2=CC1)=CC=CC4,0
O=CC=1C(O)=CC=CC1,0
ClC1=C(N=NC=2C=CC(N(CCOC(=O)C)CCC#N)=CC2)C(Cl)=CC([N+](=O)[O-])=C1,0
C(=O)(N1CC1)NCCCCCCCCCCCCCCCCCC,0
O(C)C(=O)C=1C=CC(C(OC)=O)=CC1,1
N#CCCCCCCCCCCCCCCCCCC,1
CCCCC(COC(=O)CCC)CC,1
S(=O)(=O)(OCCCCCCCCCCCC)C=1C=CC=CC1,1
O(CC)C=1C=CC(N=NC=2C3=C(C(O)=CC2)C=CC=C3)=CC1,0
O(C=1C(C(C(=C([H])[H])[H])([H])[H])=C(C(=C(C1[H])[H])[H])[H])[H],1
BrC=1C(Br)=CC(C)=CC1OCC2OC2,0
ClC=1C(Cl)=C(Cl)C(Cl)=C(Cl)C1Cl,0
O=[N+]([O-])C1=CC=C(Cl)C([N+](=O)[O-])=C1,0
OCCN(CCO)CCO,0
NC=1C=C(C)C=CC1,0
O=NN1CN2CN(CN(C2)N=O)C1,1
CCCCCCCCCCCCCCCCCCOP(=O)(OCCCCCCCCCCCCCCCCCC)OCCCCCCCCCCCCCCCCCC,1
OC(C=1C=CC=CC1)C=2C=CC=CC2,1
C1(C=2C(C=3C1=C(C(=C(C3[H])[H])[H])[H])=C(C(=C(C2[H])[H])[H])[H])([H])[H],0
NC=1C=CC=CC1,1
OC=1C(N=NC=2C=CC(N=NC=3C=CC=CC3)=CC2)=C4C(=CC1)C=CC=C4,0
CCC1CCCCC1,0
S1C=2C(C=3C1=C(C(=C(C3[H])[H])[H])[H])=C(C(=C(C2[H])[H])[H])[H],0
ClC=1C(NN)=C(Cl)C=C(Cl)C1,0
N(CC)(CC)C=1C=CC=CC1,0
O=C(O)C=O,1
ClC(Cl)C=1C=CC=CC1,1
C1=2C=3C=4C=5C(C1=C(C(=C(C2C(=C(C3[H])[H])[H])[H])[H])[H])=C(C(=C(C5C(=C(C4[H])[H])[H])[H])[H])[H],0
P(=O)(OC=1C(C)=C(C)C=CC1)(OC=2C(C)=CC(C)=CC2)OC=3C=C(C)C=C(C)C3,0
O=C(C)C=1C=CC(C)=CC1,1
O=C(OC)C=CC(=O)OC,1
FC1(F)C(O)C(CO)OC1N2C(=O)N=C(N)C=C2,0
CCCCCCCCCCCCCCCCCCCCCCCCC,1
O=C(C=1C=CC=CC1)C=2C=CC=CC2,0
N=C(NC=1C=CC=CC1)NC=2C=CC=CC2,0
O=NN(CC)CC,0
C=CC(Cl)CCl,0
BrCCCCC,0
O(C1=CC(=CC=C1N)C2=CC=C(N)C(OC)=C2)C,0
O=C1N(C(=C(C(=C1[H])[H])[H])[H])[H],1
O=C(OCCOCCOCCOC(=O)C(CCCC)CC)C(CCCC)CC,1
O=C(O)CCCCCCC,1
ClC=CCCl,0
NN,0
FC=1C(N2CCN(C)CC2)=C3OCC(C)N4C3=C(C(=O)C(C(=O)O)=C4)C1,0
OC=1C(C(C)(C)C)=CC(C)=CC1CC=2C(O)=C(C(C)(C)C)C=C(C)C2,0
O=C(OCC(CCCC)CC)C=CC(=O)OCC(CCCC)CC,1
ClC=1C=C2SC(N=NC=3C(NC(=O)C=4C=CC=CC4)=CC(N(CCOC(=O)C)CCOC(=O)C)=CC3)=NC2=CC1,0
ClC=1C=2C(Cl)=CC=C3C(=O)OC(=O)C(C23)=CC1,0
FC(F)(F)C(F)(F)C(F)(F)C(F)(F)C(F)(F)C(F)(F)CCO,0
O=C1C=C(C)CC(C)(C)C1,0
OC=1C(C(CC(C)(C)C)(C)C)=CC(O)=C(C(CC(C)(C)C)(C)C)C1,0
OC(C#N)(C)C,1
ClC=1C(OC)=CC(OC)=C(NC(=O)C=2C(O)=C(N=NC=3C(OC)=CC=C(S(=O)(=O)N(CC)CC)C3)C=4C(C2)=CC=CC4)C1,0
ClC=1C(C=O)=CC=CC1,0
P(=O)(OC=1C(C)=CC=CC1)(OC=2C=CC=CC2)OC=3C=CC=CC3,1
S(=O)(O)C(=N)N,1
O=C(C)C=1C(N)=C2C(=O)C=3C(C(=O)C2=C(NC=4N=C(NC(C)C)N=C(C=5C=CC=CC5)N4)C1)=CC=CC3,0
O=C(C=1C(O)=C(O)C(O)=CC1)C=2C=CC(O)=CC2,0
O=C(O)CCCCCCCC=CCC=CCCCCC,1
C1(COCCCCOCC2CO2)CO1,0
SCC(=O)O,1
S(=O)(=O)(O[Na])C=1C=2C(N=NC=3C=4C(C(S(=O)(=O)O[Na])=CC3)=CC=CC4)=C(O)C=CC2C=C(S(=O)(=O)O[Na])C1,0
S(P(SCCCC)(SCCCC)=O)CCCC,1
CO[Si](CCCN=C(N(C)C)N(C)C)(OC)OC,0
OC=1C(C(C)(C)C)=CC(C=2C=CC(C(C)(C)C)=CC2)=CC1C(C)(C)C,0
NC1=CC=CC2=C1C(=O)C3=CC=CC=C3C2=O,0
OC=1C(C(C)(C)C)=CC(C(C)(C)C)=CC1,0
O(OC(C)(C)C)C(=O)C,0
O=C(NC=1C=CC=CC1)CCN2C(C)(C)CC(C)C=3C2=CC(C)=C(C=C(C#N)C#N)C3,0
S1C(=C(C(=C1[H])[H])[H])[H],0
N#CC=1C=CC=CC1,1
S=C(NN)N,0
C(C)(C=1C(C)=CC=C(C)C1)C=2C=CC=CC2,0
CC(=O)CC(=O)NC,1
ClC=1C=2C(C=CC1)=CC=CC2,0
O=CCCC,1
OCCN,1
OC(CCO)(CCO)C,0
O=C(OCC(COC(=O)N)(CCC)C)N,0
S(=O)(=O)(NC1=NOC(C)=C1)C=2C=CC(N)=CC2,0
S(=O)(=O)(O)C=1C=C(O)C=2C(C1)=CC(NC(=O)NC3=CC=4C(=C(O)C=C(S(=O)(=O)O)C4)C=C3)=CC2,0
OCC=1C=CC(C(C)C)=CC1,1
O=[N+]([O-])C=1C(O)=CC=CC1,0
IC=1C(NC(=O)COC)=C(I)C(C(=O)NCC(O)CO)=C(I)C1C(=O)N(CC(O)CO)C,0
CC1=CC=CC=C1N(CC2CO2)CC3CO3,0
ClC(Cl)=C(Cl)Cl,0
S(=O)(=O)(O)C,1
O(C=1C=CC=CC1)C=2C=CC=CC2,0
O=C(OC)C(=C)C,1
O=C(C(O)C=1C=CC=CC1)C=2C=CC=CC2,1
OCC=CCO,0
ClC,0
CCCCCCCCCCCCCCCCCC,1
S=C1N(C)CN(C)CS1,0
O(CC)C=1C=C2C(C)=CC(C)(C)NC2=CC1,0
C(C)(C)C=1C=CC(C(C)C)=CC1,0
P(=O)(OCC(CCCC)CC)(OCC(CCCC)CC)OCC(CCCC)CC,0
N(C=1C=CC(C(C)(C)C=2C=CC=CC2)=CC1)C=3C=CC(C(C)(C)C=4C=CC=CC4)=CC3,0
O=C(N(CCO)CCO)CCCCCCCC,1
ClC=1C(Cl)=CC=CC1Cl,0
S(=O)(=O)(OCCS(=O)(=O)C=1C=C(NC=2C=3C(=O)C=4C(C(=O)C3C(N)=C(S(=O)(=O)O)C2)=CC=CC4)C=CC1)O,0
O=C1C(CCCCCCCCCCCCCCCCCC)CC(=O)O1,0
OC=1C=CC(C(CC(C)(C)C)(C)C)=CC1,0
C(CN(C)CCN(C)C)N(C)C,0
O=C1NNC(=O)C=C1,0
OC=1C(C=2C=CC=CC2)=CC=CC1,1
C(=O)(CCCCC)CCCCC,1
CNC1=CC=C(NC2=CC=CC(C)=C2)C3=C1C(=O)C4=CC=CC=C4C3=O,0
ClC1=C2SC(N=NC=3C=CC(N(CCC#N)CC)=CC3)=NC2=CC(Cl)=C1,0
O=C(O)C=1C(C=2C(C(=O)O)=CC=CC2)=CC=CC1,1
C1=CC(=CC=C1[N+](=O)[O-])[N+](=O)[O-],0
O=C(C)OCC,1
OCCC,1
OC(CNCC(O)C)C,1
O=C(OCCCCCCCCC=CCCCCCCCC)CCCCC(=O)OCCCCCCCCC=CCCCCCCCC,1
S(=O)(=O)(O)C=1C(O)=CC=2C(C1)=CC(S(=O)(=O)O)=CC2,0
CNC1=CC=CC(=C1)C,0
S(CCC(=O)OCC(COC(=O)CCSCCCCCCCCCCCC)(COC(=O)CCSCCCCCCCCCCCC)COC(=O)CCSCCCCCCCCCCCC)CCCCCCCCCCCC,0
C(CC)(CC)=O,1
N(C1=CC=CC=C1)C2=CC=CC=C2,0
OC=1C=CC(O)=CC1,1
O=C1C(C=2C=CC=CC2)(C=3C=CC=CC3)NC(=O)N1,0
CCCCCCCCCCCCCCCC(=O)OCC(O)C(O)C(O)C(O)CO,1
ClC=1C(Cl)=C(Cl)C(O)=C(Cl)C1Cl,0
OC=1C(N2N=C3C(=N2)C=CC=C3)=CC(C)=CC1,0
S(=O)(=O)(O)C=1C(O)=CC=C(O)C1,1
ClC=1C=CC(S(=O)(=O)C=2C=CC(Cl)=CC2)=CC1,0
S(=O)(=O)(O)C=1C=CC(O)=CC1,1
O=C1C=2C(C(=O)C=3C1=CC=CC3)=CC=C(CC)C2,0
O=C(OCCCCCCCCCCCCC)C=1C(C(=O)OCCCCCCCCCCCCC)=CC=CC1,0
CN(C)P(=O)(N(C)C)N(C)C,0
C(CC)(C)(C)C=1C=CC=CC1,0
S(=O)(=O)(N)C=1C=CC(N)=CC1,0
ClCC1(C)OC1,0
O(C=1C(O[H])=C(C(=C(C1[H])[H])[H])[H])C([H])([H])[H],1
O=[N+]([O-])C=1C=C2N=CNC2=CC1,0
C=1(C=2C=CC=CC2)NC=3C(C1)=CC=CC3,0
O(OC(C)(C)C)C(CCC(OOC(C)(C)C)(C)C)(C)C,0
C1(NC(NC(=C1)CCC)=S)=O,0
O=C1C=CC(=O)O1,1
ClC(C(Cl)CCC(Cl)CCC(Cl)C(Cl)CC(Cl)C)CC(Cl)CCC(Cl)CCC,0
FC(F)(F)C(F)(F)C(F)(F)C(F)(F)C(F)(F)C(F)(F)C(F)(F)C(F)(F)CCO,0
CCCCCCCCCCCCCCCCCCNC(=O)C(O)C(O)C(O)C(O)CO,0
ClC=1C=CC(OC(C(=O)O)(C)C)=CC1,0
O(CCOCCO)CCOC,1
CCCCCCCCCCCCCCCCCCCCCCCCCC,1
O=CCCCC=O,0
ClC1=C(N=NC2=C(OC)C=C(N=NC=3C(C)=C(C#N)C(NCCOC)=NC3NCCOC)C(OC)=C2)C(Cl)=CC([N+](=O)[O-])=C1,0
ClC=1C(O)=CC(C)=CC1,0
BrC1=C(N=NC=2C3=C(C(NCCCOC)=CC2)C=CC=C3)C([N+](=O)[O-])=CC([N+](=O)[O-])=C1,0
C1CNCCN1,0
S(=O)(=O)(C=1C=C(N)C=CC1)C=2C=C(N)C=CC2,0
CCCCCCCCCCCCCCCCCCCCCCCCCCCCCC,1
O=NC=1C=CC(NC=2C=CC=CC2)=CC1,0
O=[N+]([O-])C=1C=C(C(=O)O)C=CC1,0
N(CC=1C=CC=CC1)(C)C,0
ClC=1C(N=NC=2C(NC(=O)OCCOCC)=CC(N(CC)CC)=CC2)=CC=C([N+](=O)[O-])C1,0
ClC(C(=O)O)C,1
ClCC=1C=CC=CC1,1
CCC(C)=NO,0
C1(=O)C2C(C(=O)O1)CC=CC2,0
O(C)C=1C=2C(C=CC1)=CC=CC2,0
O=C1C2=CC=CC=C2C(=O)C3=C1C=CC=C3S(=O)(=O)O,0
COP(=O)OC,0
O=C(OCCCC)C=1C(C(=O)OCCCC)=CC=CC1,1
O=C(O)CCCC,1
FC=1C=CC(C(CCCN2CCC(N3C(=O)NC=4C3=CC=CC4)CC2)C=5C=CC(F)=CC5)=CC1,0
CC(C)(CO)CO,0
CCCCCCCCCC,1
O(C(=O)C([H])([H])[H])[H],1
O1C(C1)COCCCC,1
O(C(C)C)CCO,0
O(CCCCCCNCC(O)C=1C=C(CO)C(O)=CC1)CCCCC=2C=CC=CC2,1
C1(C2CC3OC3CC2)OC1,0
ClC=1C=2C(Cl)=CC=C(C(=O)O)C2C(C(=O)OC(=O)C=3C=4C(C(=O)O)=CC=C(Cl)C4C(Cl)=CC3)=CC1,0
OCCCCCCCCC,1
O(CCNC=1C(N=NC2=C3C(=O)C4=C(C(=O)C3=CC=C2)C=CC=C4)=C(C)C(C#N)=C(NCCOC)N1)C,0
FC(F)(F)C=1C=C([N+](=O)[O-])C(N(CCC)CCC)=C([N+](=O)[O-])C1,0
C(=O)(CC(C)=O)OC(C)CC,1
S(=O)(=O)(O)CC=C,0
O(C(CCO)(C)C)C,1
O=P(OCCCl)(OCCCl)OCCCl,0
SCC(=O)OCC(CCCC)CC,0
O=C(O)C=1C=CC(N)=CC1,1
O=CC=O,1
CCCCCCCCCCCCC,1
ClC=1C=2C(=O)C=3C(C(=O)C2C=CC1)=CC=CC3,0
O=C(OCCC(OC)(C)C)C,1
OC(CC(O)C)C,1
C=CCCCC,1
ClC1(Cl)C2(Cl)C(Cl)=C(Cl)C1(Cl)C3C2C4C=CC3C4,0
ClC=1C(N)=C(C)C=C(C)C1,0
ClC1=CC=CC=C1C2=CC=CC=C2Cl,0
CC1=NC=C([N+](=O)[O-])N1CCO,0
P(OCCCCCCCCCCCCCCCCCC)(OCCCCCCCCCCCCCCCCCC)OCCCCCCCCCCCCCCCCCC,1
O=C(OCCOC)C,1
C=COC(=O)CC,1
ClC=1C(C)=CC=C(O)C1,0
O=CC(=CCCC)CC,1
C(C)C1OC1,1
O=C(O)C(O)CC(=O)O,1
C(C(C(C(C(F)(F)S(=O)(=O)O)(F)F)(F)F)(F)F)(C(C(C(F)(F)F)(F)F)(F)F)(F)F,0
OCCCCCC,1
OC=1C(C(C)C=2C=CC=CC2)=CC(C(C)C=3C=CC=CC3)=C(C(C)C=4C=CC=CC4)C1,0
O(OC1(OOC(C)(C)C)CC(C)(C)CC(C)C1)C(C)(C)C,0
BrC=1C=2C(=O)C=3C(C(=O)C2C(N)=C(S(=O)(=O)O)C1)=CC=CC3,0
O=C(O)C1=CC=NC(C(=O)O)=C1,1
BrC(Br)C(Br)Br,0
OC(C=C)(CCC1C(O)(C)CCC2C(C)(C)CCCC12C)C,0
O=C(O)CC,1
O=C1N(C)C(=O)C=2N(C)C=NC2N1C,1
FC(F)(F)C(F)(F)C(F)(F)C(F)(F)C(F)(F)C(F)(F)C(F)(F)C(F)(F)C(F)(F)C(F)(F)C(F)(F)C(F)(F)C(F)(F)C(F)(F)C(F)(F)C(F)(F)CCO,0
BrC=1C(N=NC=2C(NC(=O)C)=CC(N(CC)CC)=CC2)=C(C#N)C=C([N+](=O)[O-])C1,0
C1=CCCC=CCCC=CCC1,0
ClC1C(Cl)C(Cl)C(Cl)C(Cl)C1Cl,0
OC=1C=CC(C(C)(C)C)=CC1,0
O=C(O)C=1C=CC(C(C)(C)C)=CC1,0
OC1C(C(C)C)CCC(C)C1,0
ClC=1C(Cl)=CC=C(NC(=O)OCCN(CCCC)C=2C=C(C)C(C=C(C#N)C#N)=CC2)C1,0
COC1=CC=CC(OC)=C1,1
NCC=C,0
S(=O)(=O)(O)C=1C(N)=CC=C2C(S(=O)(=O)O)=CC=CC12,0
O=C1C2(OC3(N1)CCCCCCCCCCC3)CC(C)(C)NC(C)(C)C2,0
ClC=1C(Cl)=C(Cl)C(N)=C(Cl)C1Cl,0
CCOC(=O)C(=O)OCC,1
S=P(ON=C(C#N)C=1C=CC=CC1)(OCC)OCC,0
O(C(=O)CCCC(=O)OC)C,1
CC(CCC=C(C)C)C=C,1
O=C(N)CCCCCCCCCCCCCCC,0
O=[N+]([O-])C=1C=C(OC)C=CC1,0
ClC=1C(Cl)=C(Cl)C=2C(C1Cl)=CC=CC2,0
CCCCCCCCCCCCCCCCCCCCCCCCCCCCCCCCCCCC,1
CCN1CN(CC)CN(CC)C1,1
C=CC(=C)C,0
ClC=1C(C2OC2)=CC=CC1,0
CCN(CCO)S(=O)(=O)C(F)(F)C(F)(F)C(F)(F)C(F)(F)C(F)(F)F,0
OC=1C(C(C)C=2C=CC=CC2)=CC=CC1,0
O(OC(C)(C)C=1C=CC(C(OOC(C)(C)C)(C)C)=CC1)C(C)(C)C,0
OC=1C(C(C)(C)C)=CC(CC=2C(C)=C(CC=3C=C(C(C)(C)C)C(O)=C(C(C)(C)C)C3)C(C)=C(CC=4C=C(C(C)(C)C)C(O)=C(C(C)(C)C)C4)C2C)=CC1C(C)(C)C,0
OC=1C(N=NC2=C(C)C=C(C)C=C2)=C3C(=CC1)C=CC=C3,0
O=C(OCCC)C,1
IC=1C(N(C(=O)CC(=O)N(C)C=2C(I)=C(C(=O)NC(C(O)CO)CO)C(I)=C(C(=O)NC(C(O)CO)CO)C2I)C)=C(I)C(C(=O)NC(C(O)CO)CO)=C(I)C1C(=O)NC(C(O)CO)CO,0
O=[N+]([O-])C=1C(N)=CC=C([N+](=O)[O-])C1,0
C(=C)C=1C=CC(CC)=CC1,0
N(N)(C)C,0
O=C(N(CCO)CCO)CCCCCCCCCCCCC,1
OC=1C=C2C(=CC1)C=CC=C2,1
N1N=NC=2C1=CC=CC2,0
O(CC(CO)(CO)CC)CC(CO)(CO)CC,0
O(C=1C(O[H])=C(C(=C(C1[H])[H])[H])[H])[H],1
O=S(=O)(O)C1=CC=C(O)C2=CC=CC=C12,0
ClCCOCCOCCCl,0
BrC=1C(OCCO)=C(Br)C=C(C(C)(C)C=2C=C(Br)C(OCCO)=C(Br)C2)C1,0
[Sn](C=1C=CC=CC1)(C=2C=CC=CC2)(C=3C=CC=CC3)C=4C=CC=CC4,0
ClC1(Cl)C2(Cl)C(Cl)=C(Cl)C1(Cl)C3C2CCC4C5(Cl)C(Cl)(Cl)C(Cl)(C(Cl)=C5Cl)C4CC3,0
O=C(OCC1C(O)C(O)C(O)CO1)CCCCCCCCCCCCCCCCC,1
C1(C2=C3N=C(C(C4=CC=NC=C4)=C5N=C(C(C6=CC=NC=C6)=C7N=C(C(C8=CC=NC=C8)=C9N=C2C=C9)C=C7)C=C5)C=C3)=CC=NC=C1,0
NC=1C=2C(N)=CC=CC2C=CC1,0
OC=1C(C(C)(C)C)=CC(C=2C=CC=CC2)=CC1C(C)(C)C,0
ClN1C(=O)N(Cl)C(=O)N(Cl)C1=O,0
C=C(C)C1CC=C(C)CC1,1
O=C(OCCCC)CCCCCCCC=CCCCCCCCC,1
S(=O)(=O)(O[Na])C=1C=C(S(=O)(=O)[O-])C(C=2C=3C(OC=4C2C=CC(=[N+](CC)CC)C4)=CC(N(CC)CC)=CC3)=CC1,0
O=C(OCCCC)C(OC(=O)C)(CC(=O)OCCCC)CC(=O)OCCCC,1
O=[N+]([O-])C=1C(O)=CC(C)=CC1,0
BrC=CC=1C=CC=CC1,0
ClC(=O)OC(C)C,0
O=C(OCCCC)COC(=O)C=1C(C(=O)OCCCC)=CC=CC1,1
ClC=1C([N+](=O)[O-])=CC=C(Cl)C1,0
O=C(OCCCCCCCC)C=C,1
OC=1C(C(C)(C)C)=CC(C)=CC1C,0
O=C(C=1C(O)=CC(O)=CC1)C=2C=CC=CC2,0
O=CN,1
C=1(C=2C=CC=CC2)C=CC(C=3C=CC=CC3)=CC1,0
C=C1C(C)(C)C2CC1CC2,0
OCCCCCCCCCCCCCCCCCC,1
ClCCO,1
OCCNC,1
C1(=O)C2C(C(=O)O1)CCCC2,0
CC(CCO)CCO,1
S(=O)(=O)(O)C=1C(C=CC=2C(S(=O)(=O)O)=CC(N)=CC2)=CC=C(N)C1,0
OC=1C=CC(CC=2C=CC=CC2)=CC1,0
S=P(SC(C(=O)OCC)CC(=O)OCC)(OC)OC,0
O(C=1C=CC(N)=CC1)C=2C=CC(C(C)(C)C=3C=CC(OC=4C=CC(N)=CC4)=CC3)=CC2,0
S(C(=O)NCCCCCCNC(=O)N(C(=O)NCCCCCCN=C=O)CCCCCCN=C=O)CCC[Si](OC)(OC)OC,0
O=C1OC2(C=3C(OC=4C2=CC=C(N(C)C5CCCCC5)C4)=CC(C)=C(NC=6C=CC=CC6)C3)C=7C1=CC=CC7,0
N(C=1C=CC(NC=2C=CC=CC2)=CC1)C=3C=CC=CC3,0
ClC=1C(N)=C(Cl)C=C([N+](=O)[O-])C1,0
ClC(C(Cl)CCl)C(Cl)CC(Cl)C(Cl)CCC(Cl)CC,0
SCCO,0
O=[N+]([O-])C=1C=C(OC)C(N)=CC1,0
ClC=1C(Cl)=C(Cl)C(OC(=O)CCCCCCCCCCC)=C(Cl)C1Cl,0
ClP(Cl)C=1C=CC=CC1,0
NC=1C=C(C)C=C(C)C1,0
ClC(Cl)(Cl)C=O,0
O=C(O)CN(CC(=O)O)CC(=O)O,0
O=[N+]([O-])C=1C(N)=CC=C(OC)C1,0
O=C(NC=1C=CC(OCC)=CC1)C,0
S(NC(C)(C)C)C=1SC=2C(N1)=CC=CC2,0
C(=O)(CCCCCCCCCCC)O[Sn](CCCC)(CCCC)CCCC,0
S(=O)(C([H])([H])[H])C([H])([H])[H],0
OC=1C=CN=CC1,1
ClC(Cl)(CCl)CCl,0
FC=1C(=O)N(C(=O)N(C1[H])[H])[H],0
S(=O)(=O)(O)CCNC,1
O=C(N)N,1
CCCCCCCCC,1
CCCC(C)C,1
OC=1C(C(C)C=2C=CC=CC2)=C(C(C)C=3C=CC=CC3)C(C(C)C=4C=CC=CC4)=CC1,0
ClC=1C(Cl)=C(Cl)C(=C(Cl)C1Cl)C=2C(Cl)=C(Cl)C(Cl)=C(Cl)C2Cl,0
S=P(OC)(OC)OC=1C=C(C)C([N+](=O)[O-])=CC1,0
C1=CC(=CC=C1[N+](=O)[O-])Cl,0
O=C(OC)NC=1NC=2C(N1)=CC=CC2,0
O1C(C1)COC(=O)C(=C)C,1
[Sn](OC(=O)C)(CCCC)(CCCC)CCCC,0
O(CC1OC1)C=2C=CC(C(CC)C)=CC2,0
CCCCNCC,1
O=C(N)CCCCCCCCCCCCCCCCCCCCC,0
ClC1(Cl)C2(Cl)C(Cl)=C(Cl)C1(Cl)C3C2C4C=CC3C4,0
ClCCCCCCCC,1
CCOP(=O)(OCC)OCC,0
ClC=1C(Cl)=CC=C(NC(=O)NC=2C=CC(Cl)=CC2)C1,0
CCCC[Sn](CCCC)(CCCC)CCCC,0
O(CCO)C,1
O=C1N(CC(CCCC)CC)C(=O)C2C3(C)C=CC(C(C)C)(C12)CC3,0
FC(F)(F)C=1C=CC=CC1,0
ClC=1C(Cl)=CC=CC1[N+](=O)[O-],0
ClC=1C(C(OOC(=O)C=2C(Cl)=CC(Cl)=CC2)=O)=CC=C(Cl)C1,0
CN1SC(=CC1=O)Cl,0
N(C=1C=C(CCCCCCCC)C=CC1)C=2C=C(CCCCCCCC)C=CC2,0
ClC=1C=C(C)C=2C(=O)C(=C3C(=O)C=4C(C)=CC(Cl)=CC4S3)SC2C1,0
O=C1N(C=2C=CC(CC=3C=CC(N4C(=O)C=CC4=O)=CC3)=CC2)C(=O)C=C1,0
O(CCCCCCCCC(C(C(C)C)C)C(CCN)C)CC,0
O(C)C=1C=CC(O)=CC1,1
O=[N+]([O-])C=1C=CC=CC1,0
O(CC(O)CO)CC=C,0
ClC=1C(Cl)=CC=C(NC(=O)N(OC)C)C1,0
O=C(OCC(COC(=O)C=C)(COC(=O)C=C)CO)C=C,0
ClC=1C=C([N+](=O)[O-])C(N)=CC1,0
O=C(O)C(N)CC=1C=CC=CC1,1
O=C(O)C=CC(=O)O,1
C(C)(C=1C(C)=C(C)C=CC1)C=2C=CC=CC2,0
ClC(Cl)(Cl)C(Cl)COCC(Cl)C(Cl)(Cl)Cl,0
OC(CCCCCC)C,1
O=CC=1C=CC(C)=CC1,1
ClC=1C(N)=CC=C(Cl)C1,0
CCN(CCO)S(=O)(=O)C(F)(F)C(F)(F)C(F)(F)C(F)(F)C(F)(F)C(F)(F)C(F)(F)C(F)(F)F,0
OCCCCCCCCC=CCCCCCCCC,1
O=C(O)C1C(C(=O)O)CC=CC1,0
O=C(O)C(N)CC=1C=CC=CC1,1
CN(C)C,1
O=CC1=CC=C2C(=C1)OCO2,1
O=C(OC(COC(=O)C(CCCC)CC)COC(=O)C(CCCC)CC)C(CCCC)CC,1
C(Br)CCCBr,0
CNC(=O)NC,0
ClC=1C(OP(=S)(OCC)C=2C=CC=CC2)=CC=C(Cl)C1,0
O=C(O)CCC,1
O=C(OCCO)C=1C=CC(C(=O)OCCO)=CC1,1
O=[N+]([O-])C=1C=CC(C(=O)O)=CC1,1
S(=O)(=O)(O)C=1C(N)=C2C(O)=CC=CC2=C(S(=O)(=O)O)C1,0
ClC=1C(Cl)=C(Cl)C=CC1Cl,0
O=C1C=2C=3C=4C(C=5C=6C=7C(C(=O)C=8C(C7C=CC6C4C=CC3C=9C(N)=C(N)C=CC19)=CC=CC8)=CC5)=CC2,0
O(OC(=O)C=1C=CC=CC1)C(=O)C=2C=CC=CC2,1
P(=O)(OC=1C(C)=CC=CC1)(OC=2C(C)=CC=CC2)OC=3C(C)=CC=CC3,1
CC(C)(C)OOC(C)(C)C#CC(C)(C)OOC(C)(C)C,0
O=CC=1C(O)=C(C)N=CC1CO,1
C(CCCO)O,1
ClC(Cl)(SN1C(=O)C2C(C1=O)CC=CC2)C(Cl)Cl,0
O=C1OC(C)CO1,1
O=C(NC1C(O)C(O)C(CO)OC1O)C,1
O(CN(COC)C=1N=C(N(COC)COC)N=C(N(COC)COC)N1)C,0
ClC=1C(OC=2C=CC(OC(C(=O)OC)C)=CC2)=CC=C(Cl)C1,1
NCCN1CCNCC1,0
OCC(O)C(O)C(O)C(O)CO,1
ClCC(=O)NC=1C=CC(C(=O)OCC)=CC1,1
P(=O)(OC=1C(C=2C=CC=CC2)=CC=CC1)(OC=3C=CC=CC3)OC=4C=CC=CC4,0
O=C(O)CCCCCCCCCCCCCCCCCCCCC=C,1
O=C(OC)CC1C(CCCCC)C(=O)CC1,1
NC1=NNC=N1,0
NCC=1C=CC=CC1,1
O=C(O)C=1C(C(=O)O)=CC=CC1,1
S(=O)(=O)(OCCCCCCCCCCCC)O,1
NC=1C(C)=CC(C)=CC1C,0
CCCCCCCCCCCC(=O)NCCC[N+](C)(C)CC(=O)[O-],1
CC(C)CNCC(C)C,1
OCC(O)CC,1
FC(F)(C(F)(F)C(F)(F)C(F)(F)C(F)(F)C(F)F)C(F)(F)C(F)(F)C(F)(F)C(F)(F)CO,0
OC=1C=CC(C#N)=CC1,1
O=C(OC(COC(=O)C)COC(=O)C)C,1
O=C=NC=1C=CC(CC=2C=CC(N=C=O)=CC2)=CC1,0
C=CCN(CC=C)CC=C,0
ClC=1C(O)=CC=CC1,0
OC=1C(N=NC=2C=CC=CC2)=C3C(=CC1)C=CC=C3,0
ClC=1C(Cl)=CC=2N=C(N=NC=3C=CC(N(CCC#N)C)=CC3)SC2C1,0
ClC=1C(Cl)=CC=C([N+](=O)[O-])C1,0
C(C)C=1C=C(CC)C=C(C=2C=C(CC)C=CC2)C1,0
O=C(O)C1=CC=CC=C1NC,1
NCCNCCN,0
O=[N+]([O-])C=1C=C(C#N)C(N=NC=2C(NC(=O)C)=CC(N(CCC)CCC)=CC2)=C(C#N)C1,0
ClC=1C=C(C)C(N)=CC1,0
O=C(O)C=1C=CC(O)=CC1,1
ClCOC,1
S(=O)(=O)(OCCS(=O)(=O)C=1C=CC(N=NC=2C(O)=C3C(N)=C(N=NC=4C=CC(S(=O)(=O)CCOS(=O)(=O)O)=CC4)C(S(=O)(=O)O)=CC3=CC2S(=O)(=O)O)=CC1)O,0
O(C1=CC(=CC(=C1)C)C)C(=O)NC,0
S=C(NN=C(C)C)N,0
CCN=C=NCCCN(C)C,0
C1CCCC(N)C1,1
S(=O)(=O)(NC=1N=CC(OC)=CN1)C=2C=CC(N)=CC2,0
O=C1N(CC2CO2)C(=O)N(CC3CO3)C(=O)N1CC4CO4,0
O=[N+]([O-])C=1C=CC(N)=CC1,0
O=C(OC)CCCCCCCCCCC,1
C(=O)(CC)OC(=O)CC,1
FC(F)(F)C=1C=C2N(CCCN3CCN(C)CC3)C=4C(SC2=CC1)=CC=CC4,0
O=C(O)CCCCCCCCCCCCCCC(C)C,1
CC(C)OC(C)C,0
ClC(Cl)CCl,0
CC1OC(C)OC(C)O1,0
ClC(Cl)(Cl)C(Cl)(Cl)Cl,0
C(C)C=1C=C(C=2C=CC=CC2)C=CC1,1
FC(F)(F)C1=CC=CC=C1Cl,0
O=C1C=2C(N)=C(C=3OC(C=4C=CC(C=5OC(C=6C(N)=C7C(=O)C=8C(C(=O)C7=CC6)=CC=CC8)=NN5)=CC4)=NN3)C=CC2C(=O)C=9C1=CC=CC9,0
ClC=1C(Cl)=CC=CC1,0
C(C)(CC)NC(C)CC,0
IC#CCOCOC=1C=CC(Cl)=CC1,0
S(=O)(=O)(NC=1C=2C(=O)C=3C(C(=O)C2C(N)=C(OC)C1)=CC=CC3)C=4C=CC(C)=CC4,0
OCC(C)C,1
O=C1NC(=O)CN1,1
BrC=1C=2N=C(N=NC=3C=CC(CCNCCC#N)=CC3)SC2C=C(Br)C1,0
O=C1N=C2N(CC(O)C(O)C(O)CO)C=3C(N=C2C(=O)N1)=CC(C)=C(C)C3,0
S(=O)(=O)(O)C=1C=CC(N)=CC1,0
CC1(C)NC=2C(C(C)=C1)=CC=CC2,0
BrC=1C=CC(C=2C=CC(Br)=CC2)=CC1,0
CCCCCCCCCCCCCCCC[N+](C)(C)C.[Br-],0
O=C(OC(=O)C1C(C(=O)O)CCCC1)C2C(C(=O)O)CCCC2,0
BrC=1C(Br)=CC(OC=2C(Br)=CC(Br)=CC2)=C(Br)C1,0
OC=1C(C(C)(C)C)=CC(C(C)(C)C)=CC1C(C)(C)C,0
ClC=1C(N=NC=2C=CC(N(CCC#N)CCC#N)=CC2)=C(Cl)C=C([N+](=O)[O-])C1,0
O1C(C(N(C(C1([H])[H])([H])[H])[H])([H])[H])([H])[H],0
C(CCCCCCCCC)SSCCCCCCCCCC,0
ClC=1C=CC(OC=2C=CC(NC(=O)N(C)C)=CC2)=CC1,0
CCCC[Sn](CCCC)(CCCC)OC(=O)C1=CC=CC=C1O,0
ClC=1C(N=NC2=C(O)C(C(=O)NC=3C=CC(NC(=O)C)=CC3)=CC=4C2=CC=CC4)=CC(C(=O)N)=CC1,0
BrC=1C=C(O)C=CC1,0
ClC=1C=CC(OC(C(=O)OCC)(C)C)=CC1,0
S(=O)(=O)([O-])CCOC(=O)CCCCCCCC=CCCCCCCCC.[Na+],1
O=[N+]([O-])C=1C=C(C#N)C(N=NC=2C(C)=CC(N(CCOC(=O)C)CCCC)=CC2)=C(C#N)C1,0
O=C(O)C1CCC(CN)CC1,0
N(CCCC)(CCCC)CCCC,0
OC=1C(C2CCCCC2)=CC=CC1C3CCCCC3,0
ClC(Cl)(SN1C(=O)C=2C(C1=O)=CC=CC2)F,0
S(C)C=1C(C)=CC(O)=CC1,0
SC#N,0
O(C)C=1N=C(OC)N=C(C=2C=3C4=C5C(=CC3)C=CC=C5C=CC4=CC2)N1,0
NCC=1C=C(CN)C=CC1,0
C(C)(C)C=1C=CC(C)=CC1,1
NC1=CC(=CC=C1)Cl,0
C(C)C=1C=C(C=2C=CC(CC)=CC2)C=CC1,0
C(=O)(C(=C)C)OCCOCCOC(=O)C(=C)C,1
SC=1C=2C(C=CC1)=CC=CC2,0
O=C(OCC=1C=CC=CC1)C,1
ClC(CCl)CCl,0
O=C(OCCC(OC)C)C,1
C=CCC(C)C,0
S=C(S)N(C)C,0
O=C(NCCNC(=O)CCCCCCCCCCCCCCCCC)CCCCCCCCCCCCCCCCC,0
P(=O)(OCC(CCCC)CC)(OC=1C=CC=CC1)OC=2C=CC=CC2,0
C[Si]1(C)O[Si](C)(C)O[Si](C)(C)O[Si](C)(C)O1,0
ClC=1C(C=2C(Cl)=CC=C(Cl)C2)=CC(Cl)=CC1,0
O=C(OC(C(CN(C)C)C)(CC=1C=CC=CC1)C=2C=CC=CC2)CC,0
O=P(OC(CCl)CCl)(OC(CCl)CCl)OC(CCl)CCl,0
C(Cl)(Cl)C(Cl)Cl,0
N(C=1C=C2C(=CC1)C=CC=C2)C=3C=CC(NC=4C=C5C(=CC4)C=CC=C5)=CC3,0
OCC=CC=1C=CC=CC1,1
CC=1C=C(C)C=CC1,1
OC=1C=C(O)C=CC1,1
C=CCCCCCCC,0
O=CC=C(CCC=C(C)C)C,1
ClCCC=1C=CC=CC1,0
O(CCN(CC)C=1C=C(C)C(C=C(C#N)C#N)=CC1)C=2C(C3CCCCC3)=CC=CC2,0
O=C(OC)C1=CC=2C(=CC(C(=O)OC)=CC2)C=C1,0
C(C)CCCCCCCCCCCCCCCCCC,1
ClC=1C(CCC)=CC(C=2C=CN=CC2)=CC1,0
O(C=1C=C(N)C=CC1)C,0
CCCCCNCCCCC,1
ClC=1C(Cl)=C(Cl)C(S)=C(Cl)C1Cl,0
SCCCCCCCCCCCCCCCCCC,0
NC=1C(C)=CC=C(N)C1,0
N1(C=2C(C=3C1=C(C(=C(C3[H])[H])[H])[H])=C(C(=C(C2[H])[H])[H])[H])[H],0
O=C(OCCC(C)C)C=1C(O)=CC=CC1,1
P(=O)(OCC(CCCC)CC)(O)CC(CCCC)CC,0
C(C)(C)O[Ti](OC(C)C)(OC(C)C)OC(C)C,1
ClC1=C(N=NC2=C(Cl)C=C(N(CCO)CCO)C=C2)C(Cl)=CC([N+](=O)[O-])=C1,0
ClC(Cl)C(Cl)C(Cl)Cl,0
C1=CC=C2C=C(C(=CC2=C1)C)C,1
CN(CCO)S(=O)(=O)C(F)(F)C(F)(F)C(F)(F)C(F)(F)C(F)(F)C(F)(F)C(F)(F)F,0
O=C(O)C(NC(=O)C=1C=CC(N(CC=2N=C3C(N)=NC(N)=NC3=NC2)C)=CC1)CCC(=O)O,0
C(C)(C)C=1C(C(C)C)=C2C(=CC1C(C)C)C=CC=C2,0
OCCCCCCCCCCCC,1
O=C(N)C=1C(=O)C2(O)C(O)=C3C(=O)C=4C(O)=CC=CC4C(O)(C)C3C(O)C2C(N(C)C)C1O,0
OC(CO)CO,1
O=C(O)C(C)(C)C,0
BrC=1C(Br)=C(Br)C(C)=C(Br)C1Br,0
CCCCC(COC(=O)CCCCCCCC(=O)OCC(CCCC)CC)CC,1
OC(=O)C1=CC=C(Cl)C=C1Cl,0
ClC=1C(N=NC2=C(NC(=O)C)C=C(NCC(O)COC=3C=CC=CC3)C(Cl)=C2)=CC=C([N+](=O)[O-])C1,0
N#CC=1C=NC=CC1,0
OC=1C(C(C)(C)C)=CC(C(C)(C)C)=CC1N2N=C3C(=N2)C=CC=C3,0
O=CC(C)C,1
O(O)C(C)(C)C,0
ClC=1C(Cl)=CC=C(C=2C=CC=CC2)C1,0
N(CC1OC1)(CC2OC2)C=3C=CC=CC3,0
CCN(C1CCCCC1)C(=O)SCC,0
C(C)=C1C2C=CC(C1)C2,0
OC=1C=CC(CC=2C=CC(O)=CC2)=CC1,0
C1CCCCCCCCCCC1,0
ClC1=C(N=NC=2C(C)=CC=3N(CCO)C(C)(C)CC(C)C3C2)C([N+](=O)[O-])=CC([N+](=O)[O-])=C1,0
BrC(Br)Br,0
CCCC=C(CC)C=O,1
O=[N+]([O-])C=1C=C(C#N)C(N=NC=2C(C)=C(C#N)C(NCCCOCCOC=3C=CC=CC3)=NC2NCCO)=CC1,0
C(CCCC)OP(=O)(OCCCCC)OCCCCC,0
C(C=1C(CC=2C=CC=CC2)=CC=CC1C)C=3C=CC=CC3,0
BrCC(=O)OCC=CCOC(=O)CBr,1
O=C(OCCOCC)C,1
CCCCN(CCO)CCCC,0
S(=O)(=O)(N)C=1C=CC=CC1,0
BrC(CBr)COC=1C(Br)=CC(C(C)(C)C=2C=C(Br)C(OCC(Br)CBr)=C(Br)C2)=CC1Br,0
O=C1CC(C)(C)CC(C)C1,0
OC=1C=CC(N=NC=2C=3C(C(N=NC=4C=CC=CC4)=CC2)=CC=CC3)=CC1,0
CCCCCCCCCCCCCCC,1
O=[N+]([O-])C=1C(NC=2C(OC)=CC(C=3C=C(OC)C(NC=4C([N+](=O)[O-])=CC([N+](=O)[O-])=CC4)=CC3)=CC2)=CC=C([N+](=O)[O-])C1,0
O=C(OCC=C)C=1C(C(=O)OCC=C)=CC=CC1,1
OCCCCCCCC,1
O=C(OC(COC(=O)CCCCCCCC1C(CC2C(CCCCC)O2)O1)COC(=O)CCCCCCCC3C(CC4C(CCCCC)O4)O3)CCCCCCCC5C(CC6C(CCCCC)O6)O5,1
CN(CCCCCCN(C)C)C,0
BrC1=C(N=NC2=C(NS(=O)(=O)C)C=C(N(CC)CC)C=C2)C(C#N)=CC(C)=C1,0
O=C1C(=C2C(=O)C3=C(N2)C=CC=C3)NC4=C1C=CC=C4,0
FC=1C(F)=CC=CC1,0
BrCCCBr,0
ClC=1C(C(=O)O)=CC(Cl)=CC1,0
BrC(C)C,1
N(C)(C)C=1C=CC(C(C=2C=CC(N(C)C)=CC2)C=3C=CC(N(C)C)=CC3)=CC1,0
C(C)C=1C=CC(CC)=CC1,0
BrCCCCl,0
O=C(O)CCCCCCCCCCCCC(=O)O,1
ClC1(Cl)C2(Cl)C(Cl)=C(Cl)C1(Cl)C3C2C4C5OC5C3C4,0
O=[N+]([O-])C=1C(O)=CC=C(C)C1,0
O=[N+]([O-])C=1C(N=NC2=C(O)C=CC=3C2=CC=CC3)=CC=C(C)C1,0
C1(C)OC(C)OC(C)OC(C)O1,0
C(CC=1C=CN=CC1)CC=2C=CC=CC2,0
ClC=1C(O)=CC(Cl)=CC1,0
O=[N+]([O-])C=1C(N=NC2=C(NC(=O)C)C=C(N(CCOC(=O)C)CC=3C=CC=CC3)C(OC)=C2)=CC=C([N+](=O)[O-])C1,0
[Sn](OC(=O)C=CC(=O)O)(CCCC)(CCCC)CCCC,0
O=C1CCO1,1
S(=O)(=O)(N(CCOC(=O)C)C)C1=CC=2C(=C(N=NC=3C=CC(N=NC=4C=CC=CC4)=CC3)C(O)=CC2)C=C1,0
ClCC=1C=CC(C=2C=CC(CCl)=CC2)=CC1,0
C1=CCCC=CCC1,0
CC1CC(C)C(=O)C(C(O)CC2CC(=O)NC(=O)C2)C1,0
OC(C)(C)C1CC=C(C)CC1,1
OC(C=C)C,1
ClC(Cl)(F)C(Cl)(F)F,0
O=C(CC(=O)C)C,1
ClC(Cl)(F)F,0
O=[N+]([O-])C=1C=CC(N=NC=2C=CC(N(CCOC(=O)NC=3C=CC=CC3)CCC#N)=CC2)=CC1,0
N(C)(C)C=1C=CC=CC1,0
ClC1=C(N=NC2C(=O)N(C=3C=CC=CC3)N=C2C)C=CC=C1,0
NCCCCCCCCC=CCCCCCCCC,0
N(C)(C)C=1C=CC(C(=N)C=2C=CC(N(C)C)=CC2)=CC1,0
O(CCCCCCCC)C1C(O)C(O)C(O)C(CO)O1,1
IC=1C(N=NC=2C(NC(=O)C)=CC(N(CC)CC)=CC2)=C(C#N)C=C([N+](=O)[O-])C1,0
O=C(OCC=1C=CC=CC1)C=2C=CC=CC2,1
OC1=CC=CC=C1CC2=CC=CC=C2O,0
ClC=1C(Cl)=CC=2N=C(N=NC=3C=CC(N(CCOC(=O)C)CCC#N)=CC3)SC2C1,0
CCCCCCCCCCCCCCCCCCCCCCCCCCCCCCCCCCCCCC,1
O(C)C(C)(C)C,0
CC(=O)C(N=NC1=CC=C(C2=CC=C(N=NC(C(C)=O)C(=O)NC3=CC=CC=C3)C(Cl)=C2)C=C1Cl)C(=O)NC4=CC=CC=C4,0
S(=O)(=O)(O)C=1C=C(OC=2C=CC(S(=O)(=O)O)=CC2)C=C(CCCCCCCCCCCC)C1,0
ClC=1C=CC(C=C)=CC1,0
[Si](ON=C(CC)C)(ON=C(CC)C)(ON=C(CC)C)C,0
S(C)C=1N=C(NC(C)(C)C)N=C(NCC)N1,0
O1C(C1)COCC=C,0
CC=CC=CC(O)=O,1
O=C1CCCC=CCCCCCCCCCC1,1
ClC(C(Cl)=C(Cl)Cl)=C(Cl)Cl,0
O(C)C=1C(N)=CC=CC1,1
O1C(=O)C=2C(=C(C(=C(C2[H])[H])[H])[H])C1=O,1
O(C=1C(=C(O[H])C(=C(C1[H])[H])[H])[H])C([H])([H])[H],1
O=C(OCCOCCOCCCC)C,1
S(=O)(=O)(O)C=1C=CC(CCCCCCCCCCCC)=CC1,1
O=C(OCN1C(=O)C2=C(C1=O)CCCC2)C3C(C)(C)C3C=C(C)C,0
O=C(NC=1C=CC=CC1)N,0
S=P(SCC(=O)NC)(OC)OC,0
NCCCCCCCCN,1
S(=O)(=O)(O)C=1C(C(=O)O)=CC=CC1,0
O(CCCC)C=1C(OCCCC)=CC=CC1,0
CCCCCCCCN(CCCCCCCC)CCCCCCCC,0
ClC=1C=C(Cl)C=C(O)C1,0
C(O)CN1CN(CCO)CN(CCO)C1,1
NC(C)C=1C=CC=CC1,0
ClC=1C(C(=O)O)=CC=CC1,0
O=C(O)C(N)CCCNC(=N)N,1
ClC=1C(Cl)=CC=C(NC(=O)NC=2C(OC=3C(S(=O)(=O)O)=CC(Cl)=CC3)=CC=C(Cl)C2)C1,0
IC=1C=CC(O)=CC1,0
O=[N+]([O-])C=1C(O)=CC=C([N+](=O)[O-])C1,0
O=C(OCC(O)COC=1C(OC)=CC=CC1)N,0
ClC=1C(N)=C([N+](=O)[O-])C=C([N+](=O)[O-])C1,0
ClC=1C(OC=2C=CC([N+](=O)[O-])=CC2)=C(Cl)C=C(Cl)C1,0
O(C(CCO)C)C,1
OC=1C(CCCCCCCCCCCC)=CC=CC1,0
O=C(O)CCCCCCCC=CCCCCCCCC,1
O=C1OC(=O)C=2C1=CC=3C(=O)OC(=O)C3C2,1
ClC(CCl)C,0
ClC=1C=C(CCC)C=C(C=2C=CN=CC2)C1,0
OC1=CC=C(Cl)C=C1Cl,0
ClC=1C(Cl)=CC=C(NC(=O)N(C)C)C1,0
COC1=CC=CC=C1C(=O)O,1
O=C(NC1=NC=NC=2N(C3OC(COC(C=4C=CC(OC)=CC4)(C=5C=CC(OC)=CC5)C=6C=CC=CC6)C(O)C3)C=NC12)C=7C=CC=CC7,0
ClCCNP(=O)(OC1C(O)C(O)C(O)C(CO)O1)NCCCl,1
ClC=1C(N)=C(S(=O)(=O)O)C=C(C=2C=C(Cl)C(N)=C(S(=O)(=O)O)C2)C1,0
OC=1C(C(C)(C)C)=CC=CC1C(C)(C)C,0
NC=1C(C)=CC=C(C)C1,0
O=C1N(SC(Cl)(Cl)Cl)C(=O)C2CC=CCC12,0
P(=O)(OCCCCCCCCCCCC)(O)O,1
N#CN=C(N)N,0
O=C(N)CCCCCCCCCCCC=CCCCCCCCC,1
O=CC=1C=C(OC)C=CC1,1
O=C1C2=C(C(=O)C=3C1=CC=CC3)C=CC=4C2=CC=CC4,0
O=C(OC(COC(=O)C)CO)C,1
O=C(NC=1C(C)=CC(C=2C=C(C)C(NC(=O)CC(=O)C)=CC2)=CC1)CC(=O)C,0
ClC=1C=C(C)C(NC(=O)C=2C(O)=CC=3C(C2)=CC=CC3)=CC1,0
O=C(C)C1=C(C)C2C(C)(C)C3C(C(C)CC3)(C1)C2,0
O=C(O)C(O)(C=1C=CC=CC1)C=2C=CC=CC2,0
C1=2C=3C(C=CC1=CC=CC2)=CC=CC3,1
O(CC1OC1)C=2C=CC(C(C(C=3C=CC(OCC4OC4)=CC3)C=5C=CC(OCC6OC6)=CC5)C=7C=CC(OCC8OC8)=CC7)=CC2,0
CCOC(=O)CC#N,1
O=C1OC=2C(=CC=CC2)C=C1,1
ClC=1C=C(C)C(OCC(=O)O)=CC1,0
O=S(=O)(O)CO,1
O=C(CC)C=1C=CC=CC1,1
O(OC(C)(C)C)C(=O)OC(C)C,0
C(=O)(CBr)OCCOC(=O)CBr,0
BrC=1C(O)=C(Br)C=C(C1C)C2(C=3C(C)=C(Br)C(O)=C(Br)C3)OS(=O)(=O)C=4C2=CC=CC4,0
O1C(C(C(C1([H])[H])([H])[H])([H])[H])([H])[H],1
CC(=O)C1C(=O)C=C(C)OC1=O,1
O=C(OC(CCCCCCCCCCC)CC1C(CCCCCC)C(=O)O1)C(NC=O)CC(C)C,0
OC=1C=CC(C)=CC1,1
CC1=CC=CC=C1S(=O)(=O)O,0
CCO[Si](CCCN)(OCC)OCC,0
OC=1C=C(CCCCCCCCCCCCCCC)C=CC1,1
BrCCBr,0
ClC=1N=C(NC(C)C)N=C(NC(C)C)N1,0
O(CCCN)C,0
OC=1C=CC(CCCCCCCCCCCC)=CC1,0
O=C(OCC)CCC=1C=C(C(C)(C)C)C(O)=C(C(C)(C)C)C1,0
C[Si](C)(C)O[Si](C)(C)C,0
O(C=1C=C(C)C=CC1)C=2C=CC=CC2,0
C(=O)(CC(C)=O)OC,1
O=[N+]([O-])C=1C(N=NC=2C(O)=C(C(C)(C)C)C=C(C(C)(C)C)C2)=CC=CC1,0
BrC=1C(O)=CC=C(Br)C1,0
OC=1C(CC=2C=C(O)C=CC2)=CC=CC1,0
ClC=1C(OCC(=O)O)=CC=C(Cl)C1,0
O=C(O)CCCCCCCC=CCC=CCCCCC,1
OC=1C(C(CC)(C)C)=CC(C(CC)(C)C)=CC1,0
O(C)C=1C(N)=CC(C)=CC1,0
FC=1C(N2CCNCC2)=CC=3N(C4CC4)C=C(C(=O)O)C(=O)C3C1,0
CCCCOCCOP(=O)(OCCOCCCC)OCCOCCCC,0
S(=O)(=O)(O)C=1C=2C(C(C(C)C)=CC1)=CC=C(C(C)C)C2,0
O=C(OC)C,1
O=C1C=C(C)NC(=N1)C(C)C,0
BrC=1C(N=NC=2C=CC(N(CCC(=O)OC)CCC(=O)OC)=CC2)=C(Cl)C=C([N+](=O)[O-])C1,0
OC=1C=CC(C(CC)C)=CC1,0
O=C(O)CCCCCCCC,1
CCCCOP(=O)(O)OCCCC,0
NCC1(C)CC(C)(C)CC(N)C1,0
O=C1C=2C(NC=3C=CC=CC3)=CC=C(N)C2C(=O)C=4C1=CC=CC4,0
O=C(OCC(CCCC)CC)C=1C(C(=O)OCC(CCCC)CC)=CC=C(C(=O)OCC(CCCC)CC)C1,0
NCCCCCCCCCCCCCCCCCCC,1
C=1C=CN(C)C1,1
BrC1=C(N=NC=2C=CC(N(CCC#N)CC)=CC2)C(Br)=CC([N+](=O)[O-])=C1,0
O(C(C([H])([H])[H])([H])[H])C(=O)C(=C([H])[H])[H],1
O=C1C(=C2C(=O)C3=C(N2)C=CC=C3)NC4=C1C=CC=C4,0
CCCCOCCCC,0
O=C(NCC)C,1
CCCCCCCCCCCCCCCCCCCCCCCCCCCC,1
O=C(O)C1=CC=C2C=CC=CC2=N1,1
C12C(CCCC1)CCCC2,0
O=C(N(CC)C1=C(C)C=CC=C1)C=CC,0
C(CCCCC(=O)O)CCCC(=O)O,1
OC=1C=CC(C(C)(C)C=2C=CC(O)=CC2)=CC1,0
OC=1C(N)=CC=CC1,0
O=C=NC1=CC=C(Cl)C(Cl)=C1,0
O=C(OCCCCCCCC)C1=CC=CC=C1C(=O)OCCCCCCCC,1
O(C(CO)C)CC(OCC(O)C)C,0
O=CCCCCC,0
S(=O)(=O)(N)C=1C(C)=CC=CC1,0
O(CC)C=1C=CC=CC1,1
ClC=1C(C=C)=CC=CC1,0
BrC=1C(N=NC=2C(NC(=O)C)=CC(N(CCC)CCC)=CC2)=C(C#N)C=C([N+](=O)[O-])C1,0
ClC1=C(Cl)C(=O)C=2C(C1=O)=CC=CC2,0
O=C(OC(CC(C)C)C)C,1
ClC=1C=C([N+](=O)[O-])C=CC1,0
ClC=1C(Cl)=C(Cl)C=2C(=O)OC(=O)C2C1Cl,0
C(CBr)(CBr)(CBr)CBr,0
N(C(CC(C)C)C)C=1C=CC(NC=2C=CC=CC2)=CC1,0
O=C(OCC(CO)(C)C)C(CO)(C)C,0
O=C1N(C=2C=CC=CC2)N=C(C)C1,0
O=C(NC=1C=CC=CC1)C,1
OC1C=CC2C3N(C)CCC24C5=C(OC14)C(OC)=CC=C5C3,0
O=[N+]([O-])C=1SC(N=NC=2C=CC(N(CCC#N)CCC=3C=CC=CC3)=CC2)=NC1,0
ClC1(Cl)C2(Cl)C(Cl)=C(Cl)C1(Cl)C3C2C(Cl)C=C3,0
O=C(O)C=1C=C(O)C(O)=C(O)C1,1
C(C)C=1C(C=2C(CC)=CC=CC2)=CC=CC1,0
ClC=1C=CC(C=2C=CC=CC2)=CC1,1
OC=1C=CC(C=2C=CC(O)=CC2)=CC1,0
BrC=1C(Br)=C(Br)C(OC=2C(Br)=C(Br)C(Br)=C(Br)C2Br)=C(Br)C1Br,0
N=C(NC=1C(C)=CC=CC1)NC=2C(C)=CC=CC2,0
COC1=CC=C2C=C(C=CC2=C1)C(C)C(=O)O,0
CCCCC,1
OCCN(CC)CC,0
BrC=1C=CC(Br)=CC1,0
OC1CC(C2C3C(C)C(C)(C)C(C2)C3)CCC1,0
ClC=1C(Cl)=C(Cl)C=2C(=O)NC(=O)C2C1Cl,0
ClCCl,0
ClC=1C=C(C(=O)O)C=CC1,1
O(CC(O)C)CC(O)C,0
CCN(CCO)S(=O)(=O)C(F)(F)C(F)(F)C(F)(F)C(F)(F)C(F)(F)C(F)(F)C(F)(F)F,0
ClC(Cl)(Cl)C(C=1C=CC(Cl)=CC1)C=2C=CC(Cl)=CC2,0
C1=CC2C3C(C=CC3)C1C2,0
ClC1=CC=C2SC3=CC=CC=C3N(C2=C1)CCCN4CCN(C)CC4,0
OC=1C(C(C)(C)C)=CC(C=2C=CC(C(C)(C)C)=CC2)=CC1,0
[Si]1(O[Si](O[Si](O[Si](O[Si](O[Si](O1)(C)C)(C)C)(C)C)(C)C)(C)C)(C)C,0
BrC=1C(O)=C(Br)C=C(C#N)C1,1
NC=1C=2C(=C(N)C=CC2)C=CC1,0
OC(C(O)C(O)CO)C(O)CO,1
C(CCC(=O)OC)(=O)OC,1
ClC=1C(C)=CC=C(Cl)C1,0
O=CN(C)C,0
O=C(NC=1C=2C(=O)C=3C(=C(NC(=O)C=4C=CC=CC4)C=CC3)C(=O)C2C=CC1)C=5C=C6C(=O)C=7C(NC6=CC5)=C8C(=O)C=9C(C(=O)C8=CC7)=CC=CC9,0
O=C(OC1CCCCC1)C2=CC=CC=C2C(=O)OC3CCCCC3,1
O=C(OCC)C=1C(O)=CC=CC1,1
O=C1C(C(C(C(C1([H])[H])([H])[H])([H])[H])([H])[H])([H])[H],1
S(=O)(=O)(NC=1N=CC=CN1)C=2C=CC(N)=CC2,0
O=C(OC1CC(C)(C)N(C)C(C)(C)C1)CCCCCCCCC(=O)OC2CC(C)(C)N(C)C(C)(C)C2,0
FC(F)(F)C(F)(F)C(F)(F)C(F)(F)C(F)(F)C(F)(F)C(F)(F)C(F)(F)C(F)(F)C(F)(F)C(F)(F)C(F)(F)C(F)(F)C(=O)O,0
O=C1C=2C(=CC=CC2)C=3NC=4C=5C6=C(NC=7C5C3C1=CC7)C=8C(C(=O)C6=CC4)=CC=CC8,0
O=C(O)C1=CC=2C(=CC(C(=O)O)=CC2)C=C1,0
OCCCC,1
O=[N+]([O-])C=1C(C(C)(C)C)=C([N+](=O)[O-])C(C)=C([N+](=O)[O-])C1C,0
CCOP(=S)(S)OCC,0
CCN(CCO)CCO,0
OCCO,1
N(C=1C(CCCCCCCC)=CC=CC1)C=2C(CCCCCCCC)=CC=CC2,0
CC1NC(C)CCC1,0
CC=1C(C)=CC=CC1,1
S(CCC(N)C(=O)O)C,1
SCC,0
NC,1
O=[N+]([O-])C=1C(C(=O)O)=C(C(=O)O)C=CC1,0
O=C1C=2C(N)=C(C=3OC(C=4C(N)=C5C(=O)C=6C(C(=O)C5=CC4)=CC=CC6)=NN3)C=CC2C(=O)C=7C1=CC=CC7,0
ClC=1C(Cl)=C(CC=2C(Cl)=C(Cl)C(N)=CC2)C=CC1N,0
ClC=1C=CC(S(=O)(=O)O)=CC1,1
C(O)(COCC(O)CO)CO,0
C=12C3=CC=CC1C=4C(C2=CC=C3)=CC=5C(C4)=CC=CC5,0
OC(C=1C=2C(C(N(C)C=3C=CC=CC3)=CC1)=CC=CC2)(C=4C=CC(N(C)C)=CC4)C=5C=CC(N(C)C)=CC5,0
O(OC(C)(C)C=1C=C(C(OOC(C)(C)C)(C)C)C=CC1)C(C)(C)C,0
N(C=1C=2C(C(=C(C1[H])[H])[H])=C(C(=C(C2[H])[H])[H])[H])([H])[H],0
O=C(OCCO)CCCCCCCCCCCCCCCCCCCCCCCCCCC,0
O=C(N(C)C=1C=CC=CC1)C,0
S(=O)(=O)(O)C=1C(N=NC=2C=CC=CC2)=C(O)C=3C(N)=C(N=NC=4C=CC(C=5C=CC(N=NC=6C(N)=CC(N)=CC6)=CC5)=CC4)C(S(=O)(=O)O)=CC3C1,0
CCCCCCC,1
O=C(NCOCCCC)C=C,1
OCCCCCCCC(C)C,1
CNC,1
NC=1C(C=2C=CC=CC2)=CC=CC1,0
OCC(CCCC)CC,1
ClC1=C(C)C=2C(=O)C(=C3C(=O)C=4C(C)=CC(Cl)=CC4S3)SC2C(Cl)=C1,0
N(=NC=1C=CC=CC1)C=2C=CC(N)=CC2,0
BrC=1C(O)=CC=CC1,0
ClCC(=O)O,1
BrC=1C=CC(OC=2C(N)=C3C(=O)C=4C(C(=O)C3=C(O)C2)=CC=CC4)=CC1,0
N#CC([H])([H])[H],1
O=[N+]([O-])C=1C=CC(O)=CC1,0
O=C(C=1C=CC(N(C)C)=CC1)C=2C=CC(N(C)C)=CC2,0
ClC(Cl)(SN(S(=O)(=O)N(C)C)C=1C=CC=CC1)F,0
O=C(O)CNC,1
N(C=1C(N([H])[H])=C(C(=C(C1[H])[H])[H])[H])([H])[H],0
O=PO,0
O=C(NC1=NC(=O)N(C2OC(COC(C=3C=CC(OC)=CC3)(C=4C=CC(OC)=CC4)C=5C=CC=CC5)C(O)C2)C=C1)C=6C=CC=CC6,0
CC1=CC=C(C(O)=C1)C(C)(C)C,0
ClC=1C(O)=C(C(=O)NC=2C=C(Cl)C(Cl)=CC2)C=C(Cl)C1,0
P(=O)(OC=1C=C(C)C=C(C)C1)(OC=2C=C(C)C=C(C)C2)OC=3C=C(C)C=C(C)C3,0
ClC=1C(S(=O)(=O)O)=CC(Cl)=C(N2C(=O)CC(C)=N2)C1,0
CCCCCCCCCCCCCCCCCCCCCCOC(=O)CCCCCCCCCCCCCCCCCCCCC,1
OC=1C=CC(C(C)C=2C=CC=CC2)=CC1,0
O(CC)C=1C=CC(N)=CC1,0
O(CCO)CCCC,1
CC=1C(C)=CC=C(C)C1,0
OCC=C(CCC=C(C)C)C,1
BrC=1C(N=NC=2C(NC(=O)C)=C(N(CCOC(=O)C)CCOC(=O)C)C=C(OCC)C2)=C([N+](=O)[O-])C=C([N+](=O)[O-])C1,0
BrC=1C=C(Br)C=C(Br)C1,0
NC=1SC=CN1,0
CC(C)(N=C=O)C1=CC=CC(=C1)C(C)(C)N=C=O,0
ClC=1C=C(CC=2C(O)=CC=C(Cl)C2)C(O)=CC1,0
O=C1C=2C=3C(C=CC2)=CC=CC3C=4C1=CC=CC4,0
OC=1C=CC(N=NC=2C=CC(N=NC=3C=CC=CC3)=CC2)=CC1,0
C1CCC(CC1)N(SC2=NC3=CC=CC=C3S2)C4CCCCC4,0
C(CCCCCC)CCCCCC=1C=CC=CC1,1
O=C(NC1C(O)C(O)C(CO)OC1O)C,1
ClC1(Cl)C2(Cl)C(Cl)=C(Cl)C1(Cl)C(C(=O)O)C2C(=O)O,0
S(=O)(=O)(O)C=1C=C(N)C=CC1,0
C(CC(=O)OCC)(=O)OCC,1
ClC1(Cl)C2(Cl)C(Cl)=C(Cl)C1(Cl)C3C2C(Cl)C(Cl)C3,0
O=C1CC(C)(C)NC(C)(C)C1,0
ClC=1C=CC(C(=C)C)=CC1,0
S(=O)(=O)(NN)C=1C=CC(OC=2C=CC(S(=O)(=O)NN)=CC2)=CC1,0
COC(=O)NC1=CC=CC(C)=C1,1
BrC=1C=CC(C=2C=CC=CC2)=CC1,1
O=[N+]([O-])C=1C(O)=C(C)C=C([N+](=O)[O-])C1,0
O=C(OCCCC)C=1C(C(=O)OCCCC)=CC=C(C(=O)OCCCC)C1,1
S(=O)(=O)(O)C=1C=2C(=C(S(=O)(=O)O)C=CC2)C=CC1,0
C(C(=O)O)O,1
BrC=1C=CC=CC1,0
O=C(O)C=CC=1C=CC(O)=CC1,1
O=C1C(=C(O)C)C(=O)C=C(C)O1,1
N(CC)(CC)CC,0
O=[N+]([O-])C=1C([N+](=O)[O-])=CC=C(C)C1,0
OC=1C=CC(C(=C)C)=CC1,0
[SnH](CCCC)(CCCC)CCCC,0
C(C)(CCl)OP(=O)(OC(C)CCl)OCCOCCOP(=O)(OC(C)CCl)OC(C)CCl,0
CNS(=O)(=O)C(F)(F)C(F)(F)C(F)(F)C(F)(F)C(F)(F)C(F)(F)F,0
C1=CCC(CC1)C=C,0
C(=O)(CCCCCCCCCCCCCCCCC)OCCOC(=O)CCCCCCCCCCCCCCCCC,1
CC=1C=C(C)C=C(C)C1,0
S(=O)(=O)(O)C=1C=C(C[N+](CC)=C2C=CC(=C(C=3C(S(=O)(=O)[O-])=CC=CC3)C=4C=CC(N(CC)CC=5C=C(S(=O)(=O)O)C=CC5)=CC4)C=C2)C=CC1,0
O(C)C=1C([N+](=O)[O-])=CC=CC1,0
OCNCCO,1
O=[N+]([O-])C=1C=C2SC(N=NC=3C(C)=CC(N(CCC#N)CC)=CC3)=NC2=CC1,0
CCCCCCSCCCCCC,0
N(C)C=1C=CC=CC1,0
O=C(OCCCCCCCCC=CCCCCCCCC)CCCCC(=O)OCCCCCCCCC=CCCCCCCCC,1
S(=O)(=O)(O)C=1C(C=O)=CC=C(S(=O)(=O)O)C1,0
ClC=1C(NNC=2C(Cl)=CC=CC2)=CC=CC1,0
OCCOCCO,1
O=C1C=2C(C(=O)C=3C1=CC=CC3)=CC=C(CCCCC)C2,0
O=C(OC1C(C)CCCC1)C,1
O=[N+]([O-])C=1C=C(C)C=CC1,0
CCCCCCCCCCCCCCCCCCCCC,1
S(=O)(=O)([O-])C(C(=O)OCC(CCCC)CC)CC(=O)OCC(CCCC)CC.[Na+],1
S(=O)(=O)(O)C=1C=CC(C=C)=CC1,0
O=C1OC(=O)C2C1CC(C)CC2,0
OCC=1OC=CC1,1
BrC=1C(Br)=C(Br)C(=C(Br)C1Br)C=2C(Br)=C(Br)C(Br)=C(Br)C2Br,0
O=[N+]([O-])C=1C=C(O)C(C)=CC1,0
O=C(OCC)C=CC(=O)OCC,1
OC=1C=CC(N)=CC1,0
O=[N+]([O-])C=1C(O)=C([N+](=O)[O-])C=C([N+](=O)[O-])C1,0
S(=O)(=O)(NC=1N=CC=CC1)C=2C=CC(N=NC=3C=C(C(=O)O)C(O)=CC3)=CC2,0
O=C(CO)C,1
C(C)(C)C=1C=C(C)C=CC1,0
O=C1C(CC)(C=2C=CC=CC2)C(=O)NC(=O)N1,0
S(=O)(=O)(O)C=1C=C(O)C=2C(C1)=CC(N)=CC2,0
ClC=1C(N=NC=2C(C)=CC(N(CCOC(=O)C)CCC#N)=CC2)=CC=C([N+](=O)[O-])C1,0
S(=O)(=O)(NC=1C(N=NC=2C(C#N)=CC(C)=CC2C#N)=CC=C(N(CCC)CCC)C1)C,0
S=C1NC=2C(N1)=CC=CC2,0
O=C(O)C=1C=C(OC)C(O)=CC1,1
O=C1OC(=C)C1,1
O=CC=1C=C(OCC)C(O)=CC1,1
O=CC=1C=C(OC)C(O)=CC1,1
ClC=1C(N)=CC=C([N+](=O)[O-])C1,0
OCCN(CCO)N=O,1
O(C=1C(=C(C(C([H])([H])[H])([H])[H])C(=C(C1[H])[H])[H])[H])[H],1
O=C(O)C=1C=CC(NC)=CC1,0
ClC=1C=C([N+](=O)[O-])C(N=NC2=C(O)C=CC=3C2=CC=CC3)=CC1,0
O=C(OCC(O)C1C(O)C(O)CO1)CCCCCCCCCCC,1
O=C1C=2C(C(=O)C=3C1=C(C(=C(C3[H])[H])[H])[H])=C(C(=C(C2[H])[H])[H])[H],1
ClCCOC(C=1C=CC=CC1)C=2C=CC=CC2,0
S(=O)(=O)(OCCOCCOCCOCCOCCOCCOC=1C=CC(CCCCCCCCC)=CC1)O,0
O=C(NCO)C=C,0
C(=C)C=1C(C=C)=CC=CC1,0
S(=O)(=O)(NC=1C=CC=CC1)C=2C=C([N+](=O)[O-])C(NC=3C=CC=CC3)=CC2,0
S(C=1C=C(C(C)(C)C)C(O)=C(C)C1)C=2C=C(C(C)(C)C)C(O)=C(C)C2,0
N#CC(=C)C,1
C1(=O)CC(=O)NC(=O)N1,1
ClC=1C(C)=CC(S(=O)(=O)O)=C(N)C1,0
CCCCOCCOCCO,1
ClC=1C=C(C)C(O)=CC1,0
O=C(C=CC=1C=CC=CC1)C,0
O=C(CCCCCCCC)C,1
FC(F)(F)C(F)(F)C(F)(F)C(F)(F)C(F)(F)C(F)(F)C(F)(F)C(F)(F)C(F)(F)C(F)(F)C(F)(F)C(=O)O,0
N12CN3CN(CN(C1)C3)C2,0
S(=O)(=O)(O)C=1C(O)=C2C(=O)C=3C(N)=CC(S(=O)(=O)O)=C(O)C3C(=O)C2=C(N)C1,0
ClC=1C=C(CC=2C=CC=CC2)C(O)=CC1,1
O=CC,1
O(C)C=1C(N=NC=2C=CC(O)=CC2)=CC(C)=C(N=NC=3C(OC)=CC=CC3)C1,0
ICC(=O)N,0
O=[N+]([O-])C=1C(N)=CC=CC1,0
O=C(O)C(N)(CC=1C=C(O)C(O)=CC1)C,0
ClC=1C(Cl)=CC=C(Cl)C1,0
O=C(OC)CCCCCCC,0
S(=O)(=O)([O-])CCN(C(=O)CCCCCCCC=CCCCCCCCC)C.[Na+],1
C(=O)(CCCCC(=O)NN)NN,0
ClC=1C(N=NC=2C=CC(N(CCOC=3C=CC=CC3)CC)=CC2)=CC=C([N+](=O)[O-])C1,0
BrC(Cl)Cl,0
O=C1C(C2=CCCCC2)CCCC1,0
C=CC1=CC=CC(=C1)C=C,0
O=C(O)CNC(=O)C=1C=CC=CC1,1
O=[N+]([O-])C=1C(OC)=C(C(C)(C)C)C=C([N+](=O)[O-])C1C,0
ClC=1C(OC=2C(O)=CC(Cl)=CC2)=CC=C(Cl)C1,0
OC=1C=CC(N=NC=2C=CC(N=NC=3C=CC(O)=CC3)=CC2)=CC1,0
ClC(Cl)(Cl)C(O)(C)C,0
CCCC[Sn](Cl)(CCCC)CCCC,0
OC(C)(C)C,0
OC=1C(CCCCCCCCC)=C(CCCCCCCCC)C=CC1,0
O=C1N(CCO)C(=O)N(CCO)C(=O)N1CCO,0
CCCCCCCCCCCCCCCCCCCCCCCCCCCCCCCCCCCCCCCC,1
FC(F)(F)C(F)(F)C(F)(F)C(=O)NC=1C(O)=CC(NC(=O)C(OC=2C(C(CC)(C)C)=CC(C(CC)(C)C)=CC2)CC)=CC1,0
C(C=1C(C)=CC=C(C)C1)C=2C=CC=CC2,0
O=C(OCCN(CC)C=1C=C(C)C(C=C(C#N)C#N)=CC1)CCCCC(=O)OCCN(CC)C=2C=C(C)C(C=C(C#N)C#N)=CC2,0
S(SCC(N)C(=O)O)CC(N)C(=O)O,1
CCOC1=CC=C(C(O)=O)C(O)=C1,1
OCCC(C)C,1
O=C(OCC(COC(=O)C=C)(COC(=O)C=C)CC)C=C,0
OCC(CO)(CO)CC,0
N(C(CCCCCC)C)C=1C=CC(NC=2C=CC=CC2)=CC1,0
CCCCCCCCOC(=O)CCCCCCCCC(=O)OCCCCCCCC,1
N(CCO)CCO,1
BrC=1C(O)=C(C(=O)NC=2C=CC(Br)=CC2)C=C(Br)C1,0
O=C1NC(=O)C2CC=CCC12,0
ClC=1C=C(Cl)C=CC1,0
OC=1C(C(C)(C)C)=CC(CC=2C=C(C(C)(C)C)C(O)=C(C(C)(C)C)C2)=CC1C(C)(C)C,0
O=C(O)CC=1C=2C(C=CC1)=CC=CC2,0
O(C=1N=C(OC=2C=CC=CC2)N=C(OC=3C=CC=CC3)N1)C=4C=CC=CC4,0
C(=C)C=1C=CC(C=C)=CC1,0
O=C(O)CCSCCC(=O)O,1
FC(F)(C(F)(F)C(F)F)C(F)(F)CO,0
FC(F)C(F)F,0
O=[N+]([O-])C=1C=CC(C)=CC1,0
FC=1C(O)=CC=CC1,0
CC=1NC=CN1,0
C(=C)C=1C=CC=CC1,1
S(=O)(=O)(O)C1=CC=2C(=CC(CC3=CC=4C(=CC(S(=O)(=O)O)=CC4)C=C3)=CC2)C=C1,0
ClC=1C([N+](=O)[O-])=CC(Cl)=CC1,0
O=C1CCCCCN1,1
OCCC(CC(C)(C)C)C,0
ClC=1C(C)=CC(N)=C(S(=O)(=O)O)C1,0
C(CCC)[Sn](=O)CCCC,0
BrC(Br)C=1C(OCC2OC2)=CC=CC1,0
O=C(O)CCCCCCCCCCCCCCC(=O)O,1
C=12C(=CC=CC1)CC=C2,0
[Sn](O)(C=1C=CC=CC1)(C=2C=CC=CC2)C=3C=CC=CC3,0
O=C(O)C=CC(=O)O,1
CCOC(=O)CCCCC(O)=O,1
O=C(OC)C=1C(C(=O)C=2C=CC=CC2)=CC=CC1,0
O=C1OC(=O)C2C1C(C)C=CC2,0
O=C(O)CN,1
ClC=1C(Cl)=CC(Cl)=CN1,0
O=CC=1C=CC(C(C)C)=CC1,1
O=C(OCCOC)C=C,1
ClC=1C=C(O)C=CC1,0
O=C1OC(=O)C2C1CC(C)=CC2,0
O=[N+]([O-])C=1C=CC(OC)=CC1,0
O(CCC(C)C)CCC(C)C,0
ClC=1C=CC(Cl)=CC1,0
O=C1C2=C(N)C(C=NN=CC3=C(N)C=4C(=O)C5=C(C(=O)C4C=C3)C=CC=C5)=CC=C2C(=O)C6=C1C=CC=C6,0
CCC,1
O=C(C(O)C)C,1
BrC=1C(O)=C(C)C=C(C2(C=3C=C(Br)C(O)=C(C)C3)OS(=O)(=O)C=4C2=CC=CC4)C1,0
O=C(NC=1C=C(N(CCO)CCO)C=CC1)C=2C=CC=CC2,0
C(CCCCC=C)CCCCCCCCC,1
O=C(OC(CC)C)C,1
S(C1=C(C(=O)O)N2C(=O)C(C(O)C)C2C1C)C3CC(C(=O)N(C)C)NC3,0
C(C(=O)O)CC(=O)O,1
C1=CCC2C1CC=CC2,0
C1(Cl)=CC(Cl)=C(Cl)C=C1Cl,0
S(CC)C=1SC(N=NC=2C(NC(=O)C)=CC(N(CCC)CCC)=CC2)=NN1,0
ClC=1C=CC(NC(=NC(=NCCCCCCN=C(N=C(NC=2C=CC(Cl)=CC2)N)N)N)N)=CC1,0
O=C(O)C=1C=CC(C(C)C)=CC1,1
O=C(C=1C(O)=CC(OCCCCCCCC)=CC1)C=2C=CC=CC2,0
OCC1C23CC(CO)C(C1)(CC2)CC3,0
BrC=1C(N)=C2C(=O)C=3C(C(=O)C2=C(O)C1)=CC=CC3,0
OC1CC(C)(C)NC(C)(C)C1,0
ClC=1C(C)=CC=C(NC(=O)N(C)C)C1,0
O=C(O)C=1C(C)=CC=CC1,1
O=C(O)C(N)CC(=O)O,1
CCCCCCCCCCOCCCCCCCCCC,1
S(=O)(=O)(O)C=1C=C(S(=O)(=O)O)C=CC1,0
OC=1C=C(C(C)(C)C)C=CC1,0
C(C=C)#N,1
N#CC(Br)(Br)C(N)=O,0
N(N)C,0
C1=2SC=3C(NC1=CC=CC2)=CC=CC3,0
O=C(OCC=1C=C(CC=2C=CC=CC2)OC1)C3C(C)(C)C3C=C(C)C,0
S(SC=1SC=2C(N1)=CC=CC2)C=3SC=4C(N3)=CC=CC4,0
BrC=1C(Br)=C(OC=2C=C(Br)C=CC2)C=CC1Br,0
C(CN(C)C)OCCN(C)C,0
C1CN2CCN1CC2,0
S(=O)(=O)(NC(=O)NCCCC)C=1C=CC(C)=CC1,0
CC(C)C1CCC2=CC=CC=C2C1,0
BrC1=C(N=NC2=C(NC(=O)C)C=C(N(CC=C)CCC#N)C(OC)=C2)C([N+](=O)[O-])=CC([N+](=O)[O-])=C1,0
C1(=O)C2C3(C)C=CC(C(C)C)(C2C(=O)O1)CC3,0
O(C)C=1C(OC)=CC=CC1,1
CCCCCCCCCCCCCCCCCCCCCCCCCCCCCCCCCCCCC,1
NC1C(C)CC(CC2CC(C)C(N)CC2)CC1,0
ClC=1C=CC(NC(=O)C=2C(O)=CC=C3C2NC=4C3=CC=CC4)=CC1,0
O=C(O)C=1C=C(N(C)C)C=CC1,0
CCCCCCCCCCCCCC,1
C(=C)(C)C=1C=CC=CC1,0
C(C)N(O)CC,0
CCCCCCCCCCCCCCCCCCCCCCCCCCCCCCCCCCC,1
C(=CC)C(CC(CC(C)C)C)C,0
O=C(OCC(O)C)C(=C)C,1
O=C(N)C(=C)C,0
CN(CCO)S(=O)(=O)C(F)(F)C(F)(F)C(F)(F)C(F)(F)C(F)(F)C(F)(F)C(F)(F)C(F)(F)F,0
O=C(NC=1C=CC=CC1)C=2C(O)=CC=3C(C2)=CC=CC3,0
ClC=1C(OC)=CC=C(OC)C1,0
O=C1OC(C=2C=CC(N(C)C)=CC2)(C=3C=CC(N(C)C)=CC3)C=4C1=CC(N(C)C)=CC4,0
N(=NC=1C=CC(N=NC=2C=CC=CC2)=CC1)C=3C(NCC)=CC=C4C3C=CC=C4,0
O=C(O)CC=1C=CC=CC1,1
OC(CC)C,1
S(=O)(=O)(O)C=1C=C2C(=CC1)C=CC(CCCC)=C2,0
ClC(=O)OCC,1
BrC=1C(O)=C(Br)C=C(C2(C=3C=C(Br)C(O)=C(Br)C3)OS(=O)(=O)C=4C2=CC=CC4)C1,0
S(=O)(=O)(N)C=1C=C([N+](=O)[O-])C(N(CCC)CCC)=C([N+](=O)[O-])C1,0
C(=O)(C(=C)C)OC1CCCCC1,1
NC=1C=C(N)C=CC1,0
ClC=1C=CC(SC(P(=O)(O)O)P(=O)(O)O)=CC1,0
NC=1C=CC(N)=CC1,0
C(=C)C=1C(CC)=CC=CC1,0
S=C(N)C,0
NC=1C(N)=CC=CN1,0
O=C(OCC)C(=O)CC(=O)OCC,1
CC1(C)C2CCC1(C)C(O)C2,1
BrC=1C(Cl)=CC(O)=C(Cl)C1,0
O(O)C1(C)C2C(C)(C)C(C2)CC1,0
O=[N+]([O-])C=1C=CC(N=NC=2C=CC(N(CCOC(=O)C=3C=CC=CC3)CCC#N)=CC2)=CC1,0
O(C)C=1C=CC(NC=2C=CC(OC)=CC2)=CC1,0
C1=CC=C2C=C3C=CC=CC3=CC2=C1,0
C(C(=O)O)N(CCN(CC(O)=O)CC(=O)O)CC(O)=O,0
O=C1N(C2C(O)C(O)C(CO)O2)C=CC(N)=N1,0
O=C(O)CCCCCCCCCCCCCCCCC,1
O=C(OCC)CC(=O)C=1C=CC(OC)=CC1,1
ClC(Cl)=C(Cl)[H],0
O(C)C=1C=CC(N)=CC1,1
C(CCCCC(=O)O)(=O)O,1
FC(F)(C(F)(F)C(F)(F)C(F)F)C(F)(F)C(F)(F)CO,0
OCC[N+](C)(C)C.[Cl-],1
O=C(OC)C(N(C(=O)COC)C=1C(C)=CC=CC1C)C,0
C(=C)(CC(C)(C)C=1C=CC=CC1)C=2C=CC=CC2,0
CC(C)(C)CCCCCC(=O)OCC1CO1,0
O=C(O)CCCCCCCCC,1
O=C(OCCN1C(C)(C)CC(C)C=2C1=CC=C(C=C(C#N)C#N)C2)NC=3C=CC=CC3,0
O=CC(CC=1C=CC(C(C)(C)C)=CC1)C,0
S1C=2C(N=C1[H])=C(C(=C(C2[H])[H])[H])[H],0
ClC=1C=C(S(=O)(=O)O)C(O)=C(N=NC2=C(O)C=3C(=C(O)C=CC3)C=C2)C1,0
S(=O)(=O)(O)C1=C(N)C=CC=2C1=CC=CC2,0
O=C1N(C=2C=CC=CC2)N=C(C)C1N=NC3=C(C)C=C(C)C=C3,0
OCC=1C=CC=CC1,1
O=C(NC=1C=CC=CC1)C2=C(C)OCCS2,1
[O-][N+](CCCCCCCCCCCC)(C)C,1
O=C(OCC(O)C1C(O)C(O)CO1)CCCCCCCCCCCCCCCCC,1
O=C1O[Sn](CCCCCCCC)(CCCCCCCC)OC(=O)C=C1,0
C(=C)C1CC2C(CC1)O2,0
S(=O)(=O)(OCC(O)C(O)COS(=O)(=O)C)C,0
BrC(=C)C=1C=CC=CC1,0
O(C=1C=2C(C(=C(C1[H])[H])[H])=C(C(=C(C2[H])[H])[H])[H])C(=O)N(C([H])([H])[H])[H],1
NCC1CC(CN)CCC1,0
ClC=1C(C(=O)N)=C(Cl)C=CC1,0
ClCS(=O)(=O)NC=1C(OC=2C=C(Cl)C=CC2)=C(Cl)C(Cl)=C(Cl)C1,0
O=C(OCCCCCCC)C=1C(C(=O)OCCCCCCC)=CC=CC1,0
NC1=CC=CC=N1,0
O=C(O)C=1C(C(=O)C=2C(O)=CC(N(CC)CC)=CC2)=CC=CC1,0
CCCNCCC,1
C(=C)C=1C=CN=CC1,0
ClC=1C=C(C(F)(F)F)C([N+](=O)[O-])=CC1,0
O=C(O)CCN,1
ClCC1CO1,0
O=C(NCCCCCCCCCCCCCCCCCC)C(O)C(O)C(O)C(O)CO,0
O=C1OCC=2C1=CC=CC2,1
ClC=1C=C2C(=O)C=3C(C(=O)C2=CC1)=CC=CC3,0
O1C(=C(C(=C1[H])[H])[H])[H],0
ClC=1C(S(=O)(=O)O)=CC([N+](=O)[O-])=CC1,0
ClC=1C(C)=CC(N)=CC1,0
ClC=1C=C(Cl)C=C(N)C1,0
CC1CCC(C(C)C)C(O)C1,0
O=C(O)C1=CC=CC(O)=C1,1
O=CC(=CC=1C=CC=CC1)CCCCC,1
O=[N+]([O-])C=1C(N=NC2=C(O)C(C(=O)NC=3C(OCC)=CC=CC3)=CC=4C2=CC=CC4)=CC=CC1,0
BrC1=C(N=NC=2C(NC(=O)C)=CC(N(CC)CC)=CC2)C([N+](=O)[O-])=CC([N+](=O)[O-])=C1,0
NCCNCCNCCNCCNCCN,0
O=C(C=C)C,0
OC=1C(C(C)(C)C)=CC(CC)=CC1C(C)(C)C,0
ClC=1C(CC=2C(Cl)=C(Cl)C=C(Cl)C2O)=C(O)C(Cl)=CC1Cl,0
CCCCCCCCCCCCCCCCCCCCCCCCCCCCCCCCCC,1
O=C(O)C=1C=C2C(=O)OC(=O)C2=CC1,1
O=C1C=CC(=O)C2=CC=CC=C12,0
NC=1N=C(N)N=C(C=2C=CC=CC2)N1,0
O=C(OC)CCCCCCCC=CCCCCCCCC,1
O=C(OCC=1C=CC=CC1)C(=C)C,1
ClS(=O)(=O)CC=1C=CC=CC1,1
O=C(NC=1C=C(N)C(OC)=CC1)C,0
OC(C=1C=2C(C(NC=3C=CC=CC3)=CC1)=CC=CC2)(C=4C=CC(N(C)C)=CC4)C=5C=CC(N(C)C)=CC5,0
O=C=NCC1(C)CC(C)(C)CC(N=C=O)C1,0
S(C)C=1N=C(NC(C)C)N=C(NCC)N1,0
CN(CCO)S(=O)(=O)C(F)(F)C(F)(F)C(F)(F)C(F)(F)C(F)(F)C(F)(F)F,0
S(=O)(=O)(C)C=1C=C([N+](=O)[O-])C(N(CCC)CCC)=C([N+](=O)[O-])C1,0
ClCC=1C=CC(C=C)=CC1,0
ClCC(=C)C,1
BrC=1C=CC(O)=CC1,0
OC(CO)C,1
S(=O)C=1C=CC=CC1,0
ClCCCCCl,0
OC=1C=CC(C=2C=CC=CC2)=CC1,0
CCCCC(CC)COP(=O)(O)OCC(CC)CCCC,0
ClC1=CC2=NN(C=3C(O)=C(C(C)(C)C)C=C(C)C3)N=C2C=C1,0
COCCOCCOC,0
NC=1C(C)=CC=CC1C,0
O=C(OC(C)(C)C)C(=C)C,0
C(C(=O)OCCCC)=C,1
N(C1CCCCC1)C2CCCCC2,1
N(C(C)C)C=1C=CC(NC=2C=CC=CC2)=CC1,0
CCCCOC(=O)CC(C)=O,1
O=C(O)C(N)CCC(=O)O,1
C=1C=CC=CC1,1
CCCCN(C(=O)SCCC)CC,1
O=C(OCC(O)C1C(O)C(O)CO1)CCCCCCCCCCCCCCC,1
ClC=1C=2C(C=CC1)=C3N4[Cu]N5C(=NC6=NC(=NC24)C=7C6=CC=CC7)C8=C(C5=NC9=NC(=N3)C=%10C9=CC=CC%10)C=CC=C8,0
ClC(Cl)(Cl)C(O)(C=1C=CC(Cl)=CC1)C=2C=CC(Cl)=CC2,0
C1CCN2CCCCCC2=N1,0
O=C(O)C=CC=CC,1
OC(=O)C1=CC=C(C=N1)C(=O)O,0
C1=2C=3C(C=CC1=CC=4C=5C(C=CC4C2)=CC=CC5)=CC=CC3,0
ClC=1C(N=NC=2C(NC(=O)CC)=CC(N(CCOC(=O)C)CCOC(=O)C)=CC2)=CC=C([N+](=O)[O-])C1,0
ClC=1C=C(C(F)(F)F)C=CC1,0
O=C1OC2(C=3C1=CC=CC3)C=4C(OC=5C2=CC=C(N(CC)CC)C5)=CC(N(CC)CC)=CC4,0
CCCCCCCCCCCCN(C)C,1
CCCC[Sn](F)(CCCC)CCCC,0
CCCOC(=O)C1=CC=C(N=C1)C(=O)OCCC,0
ClC=1C=C([N+](=O)[O-])C(O)=CC1,0
CC=1C=CC(C)=CC1,1
OCCNCCN,0
OC=1C(C(CC)C)=CC=CC1C(CC)C,0
O=C(N(CCO)CCO)CCCCCCCCC,1
NC(CC)C,1
S(=O)(=O)(C=1C=CC(O)=CC1)C=2C=CC(O)=CC2,0
FC(F)(F)C=1C=C(C=2C(=O)C(C=3C=CC=CC3)=CN(C)C2)C=CC1,0
O=C(OC)C=1C=C(C(=O)OC)C=CC1,1
ClC=1C=CC=CC1,0
S(=O)(=O)(N)C=1C=CC(C)=CC1,0
N1(C(C(C(C(C1([H])[H])([H])[H])([H])[H])([H])[H])([H])[H])[H],1
O=[N+]([O-])C=1C(N=NC2=C(O)C=CC=3C2=CC=CC3)=CC=CC1,0
O=CCC(CC(C)(C)C)C,0
C1=CCCC=CCCC=CCC1,0
N(C=1C=C2C(=CC1)C=CC=C2)C=3C=CC=CC3,0
BrCC,0
O=C(OCC(CCCC)CC)C=C,1
O=CC=1C=C(OC)C(OC)=CC1,1
O=C1N(C=2C=CC=CC2)C(=O)C=C1,0
O=C(CC(=O)C=1C=CC=CC1)C,1
O=C1C(CCCCCCCCC=CCCCCCCCC)CC(=O)O1,0
C(CC(C=1C=C(C)C(C)=CC1)C=2C=CC=CC2)(C)C=3C=CC=CC3,0
O=[N+]([O-])C=1C(C)=CC(O)=CC1,0
ClCC=1C=C(Cl)C(Cl)=CC1,0
N#CC=1C=CC(C#N)=CC1,0
NC(=O)C1=CC=CN=C1,0
C(Br)(C(=O)O)C(Br)C(=O)O,0
NC=1C(C)=CC(C)=CC1,0
ClC1C(Cl)C(Cl)C(Cl)C(Cl)C1Cl,0
ClC=1C=CC(NC(=O)C=2C(O)=CC=3C(C2)=CC=CC3)=CC1,0
O(C=1C(N(C(=O)C([H])([H])[H])[H])=C(C(=C(C1[H])[H])[H])[H])[H],1
O=C1C=2C(C(=O)C=3C1=CC=CC3)=CC=C(C(C)(C)C)C2,0
O=[N+]([O-])C=1C=C(N)C=CC1,0
S=C1N(C(C(N1[H])([H])[H])([H])[H])[H],0
O=C(N)C=1C(=O)C2(O)C(O)=C3C(=O)C=4C(O)=CC=CC4C(O)(C)C3CC2C(N(C)C)C1O,0
O=C(NC(C(O)CN1C(C(=O)NC(C)(C)C)CC2C(C1)CCCC2)CC=3C=CC=CC3)C(NC(=O)C=4N=C5C(=CC4)C=CC=C5)CC(=O)N,0
OCCCCCCCCCCCCCCC,1
BrC1C(Br)CCC(Br)C(Br)CCC(Br)C(Br)CC1,0
ClC=1C(OC=2C=CC([N+](=O)[O-])=CC2)=CC=C(Cl)C1,0
S(C)C=1C=CC(O)=CC1,0
NC1=CC=NC=C1N,0
OC(C(O)C(=O)O)C(=O)O,1
N#CC1=CC=CC(=C1)C#N,0
[N+](CCCCCCCCCCCCCC)(CC=1C=CC=CC1)(C)C.[Cl-],0
CN(C)CCCN(CCCN(C)C)CCCN(C)C,0
O=C1NSC=2C1=CC=CC2,0
C(O)CN(C)CCO,0
O1CCOCC1,0
O=C(O)C=1C=C(C)C=CC1,1
O=C(OC)C1(C=2C(OC)=CC=3N(C)C4C(O)(C(=O)N)C(O)C5(CC)C6N(CC=C5)CCC46C3C2)C=7NC=8C(C7CCN9CC(O)(CC)CC(C1)C9)=CC=CC8,0
O=C(O)C=C,1
O=C1N(C(=O)C=2C1=C(C(=C(C2[H])[H])[H])[H])[H],1
O(CCCC)CCN1C(=O)C=2C(N)=C3C(=O)C=4C(C(=O)C3=C(N)C2C1=N)=CC=CC4,0
N#CC=1C=CC(C=2C=CC(CCCCCC)=CC2)=CC1,0
C=CCOP(=O)(OCC=C)OCC=C,0
S(C=1SC=2C(N1)=CC=CC2)C=3C=4C(=O)C=5C(C(=O)C4C(N)=CC3)=CC=CC5,0
OC=1C(C(C)(C)C)=CC(C(CC)C)=CC1C(C)(C)C,0
OCCC#CCC,1
N=1C=2C(C=CC1)=CC=CC2,0
Cl[Si](Cl)(C=1C=CC=CC1)C=2C=CC=CC2,0
ClC=1C([N+](=O)[O-])=CC=CC1,0
SCCC(=O)OC,1
C(CCCCCCC)NCCCCCCCC,1
C(=O)O,1
C(CCCCCCO)CCCCCC,1
CCCN(CCC)N=O,0
C(=O)(OCC=C)OCCOCCOC(=O)OCC=C,1
OC(CC)(C)C,0
NC=1N=C(N)N=C(N)N1,0
O=C(O)CCCCCCCC=CCCCCCCCC,1
O=C(OC=C)C,1
C(C)(C)=C1CC=C(C)CC1,1
COP(=O)(OC)OC,0
ClC=1C(Cl)=CC=2N=C(N=NC=3C=CC(N(CCC#N)CC)=CC3)SC2C1,0
C=CC1=CC=CC(CC)=C1,0
ClC=1C(OC)=CC(OC)=C(NC(=O)C=2C(O)=CC=3C(C2)=CC=CC3)C1,0
CC=C1CC2C=CC1C2,0
O=P(NCCCl)(NCCCl)OC1OC(O)C(O)C(O)C1O,0
O=C(O)C=CC=1C=C(OC)C(O)=CC1,1
CN1C(=O)C=2NC=NC2N(C)C1=O,1
O=C(O)C=1C=CC(OC)=CC1,1
BrC=1C(N)=C2C(=O)C=3C(C(=O)C2=C(NC=4N=C(NC(C)C)N=C(C=5C=CC=CC5)N4)C1)=CC=CC3,0
C(CCCCCCCCCCC)SP(SCCCCCCCCCCCC)SCCCCCCCCCCCC,0
C(C)(C)C=1C=C2C(=CC1)C=CC=C2,0
OCC,1
OCCC=1C=CC=CC1,1
CC(=O)C(N=NC1=CC=C(C2=CC=C(N=NC(C(C)=O)C(=O)NC3=CC=C(C)C=C3C)C(Cl)=C2)C=C1Cl)C(=O)NC4=CC=C(C)C=C4C,0
CCCCCCCCCCCCCCCCCCCCCCCCCCCCCCCC,1
ClC1(Cl)C(Cl)=C(Cl)C(Cl)=C1Cl,0
ClC1=C(OC)C=C(NC(=O)C(N=NC2=C(Cl)C=C(C3=CC(Cl)=C(N=NC(C(=O)NC4=C(OC)C=C(Cl)C(OC)=C4)C(=O)C)C=C3)C=C2)C(=O)C)C(OC)=C1,0
O=C(O)C(N)CCC(=O)N,1
O=C(CC(=O)C=1C=CC=CC1)C=2C=CC=CC2,1
BrC=1C(Br)=C(Br)C(O)=C(Br)C1Br,0
ClC=1C(N=NC=2C(C)=C(C#N)C(NCCCOC)=NC2NCCCOC)=CC=C(N=NC=3C=CC=CC3)C1,0
S(=O)(=O)(O)C=1C=C(O)C=2C(N)=CC(S(=O)(=O)O)=CC2C1,0
CCCCOC(=O)CCCCC(=O)OCCCC,1
O=C(NC(NC(=O)N)C(C)C)N,1
O=C1N(CC=2C=C(C(C)(C)C)C(O)=C(C(C)(C)C)C2)C(=O)N(CC=3C=C(C(C)(C)C)C(O)=C(C(C)(C)C)C3)C(=O)N1CC=4C=C(C(C)(C)C)C(O)=C(C(C)(C)C)C4,0
O=NN(C=1C=CC=CC1)C=2C=CC=CC2,0
N(CC1OC1)(CC2OC2)C=3C=CC(CC=4C=CC(N(CC5OC5)CC6OC6)=CC4)=CC3,0
N(CCCN)C,1
C(CC(C)C)(C)(C)C,0
C(C)(C)C1CCC(C)CC1,1
O=C(OCC(COC(=O)CCC=1C=C(C(C)(C)C)C(O)=C(C(C)(C)C)C1)(COC(=O)CCC=2C=C(C(C)(C)C)C(O)=C(C(C)(C)C)C2)COC(=O)CCC=3C=C(C(C)(C)C)C(O)=C(C(C)(C)C)C3)CCC=4C=C(C(C)(C)C)C(O)=C(C(C)(C)C)C4,0
CN(C)C(=S)SSC(=S)N(C)C,0
ClC1=C(N=NC=2C=CC(N(CCO)C)=CC2)C(Cl)=CC([N+](=O)[O-])=C1,0
OC=1C(N2N3N2C=4C3=CC=CC4)=CC(C)=CC1,0
O(C(=O)C=1C(=C(C(=C(C1[H])[H])[H])[H])C(OC([H])([H])[H])=O)C([H])([H])[H],1
N(C)(C)C=1C=CC(CC=2C=CC(N(C)C)=CC2)=CC1,0
NC=1C=C(C)C(C)=CC1,0
OCCCCCCCCCCCCCCCC,1
OC=1C=NC=CC1,1
O=C(O)C=1C(O)=CC=CC1,1
ClC1=CC=C(C(Cl)=C1)C(Cl)(Cl)Cl,0
OC=1C(N=NC=2C=3C(C=CC2)=CC=CC3)=C4C(=CC1)C=CC=C4,0
S1C=2C(N(C1=S)[H])=C(C(=C(C2[H])[H])[H])[H],0
O=C(OCC(O)C1C(O)C(O)CO1)CCCCCCCCCCC,1
FC(F)(F)C1=CC=CC(=C1)C(F)(F)F,0
O=C(NC)OC1=CC=CC(C)=C1,0
O=CC=C(CCC=C(C)C)C,1
ClC=1C(Cl)=C(Cl)C([N+](=O)[O-])=C(Cl)C1Cl,0
CC1=CC=C(C=C1N=C=O)N=C=O,0
O=C(OCCOCCOCC)C,1
O=C(C([H])([H])[H])C([H])([H])[H],1
ClC(C=1C=CC(Cl)=CC1)C=2C=CC=CC2,0
O(CC1OC1)C=2C(C)=CC=CC2,0
ClC1(Cl)C2(Cl)C(Cl)=C(Cl)C1(Cl)C3C2C4C=CC3C4,0
O=CC=1C=CC(OC)=CC1,1
ClC=1C=CC(NC(=O)C=2C(O)=CC=3NC=4C(C3C2)=CC=CC4)=CC1,0
CCN1CCOCC1,0
O=CC=C(CCC=C(C)C)C,1
O=C1N(C)C=2N=CN(C)C2C(=O)N1,0
ClC1(Cl)C2(Cl)C(Cl)=C(Cl)C1(Cl)C3C2C(Cl)C(Cl)C3,0
CC(CCCC(CCCC(C)C)C)CCCCC(CCCC(CCCC(C)C)C)C,0
O=C=NCCCCCCN=C=O,0
O=CC=1C=CC=CC1,1
OCCOCCOCCO,1
CCC(O)OC(O)CC,0
O(C(=O)N)CC,0
N(C=1C=2C(C=CC1)=CC=CC2)C=3C=CC=CC3,0
C(CC(=C)C=C)C=C(C)C,1
O=[N+]([O-])C=1C=C(C#N)C(N=NC=2C(C)=C(C#N)C(NCCO)=NC2NCCCOCCOC=3C=CC=CC3)=CC1,0
N#CCCCCCCCC,1
N#CC(C)C,1
OC=1C=CC(C2(C=3C=CC(O)=CC3)CCCCC2)=CC1,0
ClC=1C(CO)=CC=C(Cl)C1,1
O=C(OCC(O)CO)CCCCCCCC=CCCCCCCCC,1
CCCCCCCCCCCCCCOC(=O)CCCCCCCCCCCCC,1
O=CCC,1
O(OC(=O)C=1C=CC=CC1)C(C)(C)C,0
ClS(=O)(=O)C=1C=CC(C)=CC1,1
O=C(O)C(CC)CC,1
BrC=CBr,0
ClCC,0
S(=O)(=O)(O)C=1C=CC(NC(=O)C)=CC1,0
O=C(C(C)C)C,1
C(C)(C)(C)C(=O)CC(=O)OC,0
O=C(O)C(O)C,1
CCC(=O)CC(=O)CC,1
O=C([O-])C[N+](CCCCCCCCCCCC)(C)C,1
CCC(CC)C(=O)OCCOCCOCCOC(=O)C(CC)CC,1
COC1=CC(C=CC(=O)O)=CC=C1O,1
O=C(OC=1C=C(O)C=CC1)C=2C=CC=CC2,1
O=C1C(C(O)CC2CC(=O)NC(=O)C2)CC(C)CC1C,0
OC=1C(C)=CC(N=NC=2C=CC(N=NC=3C=CC=CC3)=CC2)=CC1,0
C[Si]1(C)O[Si](C)(C)O[Si](C)(C)O[Si](C)(C)O[Si](C)(C)O1,0
BrC(CBr)(COC=1C(Br)=CC(Br)=CC1Br)C,0
S(P(=O)(OC)NC(=O)C)C,1
C=1(C=2C=CC=CC2)C=CC=CC1,1
O=C(OCCCCCCC(C)C)C=1C(C(=O)OCCCCCCC(C)C)=CC=CC1,1
OC(C(O)CO)C(O)CO,1
OCCCCCCCCCCC,1
O=C(OC=1C(C(=O)O)=CC=CC1)C,1
ClC=1C(Cl)=CC(C=2C=C(Cl)C(Cl)=C(Cl)C2)=CC1Cl,0
CCCCCCCCCCCCCCCCCCCCCCCCCCCCCCCCCCCCCCCCCCCC,1
O=[N+]([O-])C=1C(C(=O)O)=CC=CC1,1
CC1=CC=C(C)C(O)=C1,0
O=[N+]([O-])C=1C(OC(=O)C=CC)=C(C(CCCCCC)C)C=C([N+](=O)[O-])C1,0
O=C(OCC(COC(=O)C(CCCC)CC)(COC(=O)C(CCCC)CC)COC(=O)C(CCCC)CC)C(CCCC)CC,0
NC=1NN=NN1,0
C1=2C=3C(C=CC1=CC=4C(C2)=CC=CC4)=CC=CC3,0
O=C(NC=1C=CC(CC=2C=CC(NC(=O)N3CC3)=CC2)=CC1)N4CC4,0
O=C(OCCN(CC)CC)C(=C)C,1
OC=1C=C(N)C=CC1,0
C(=O)(CCCCCCCCCCC)OOC(=O)CCCCCCCCCCC,1
N(=NC(C#N)(C)C)C(C#N)(C)C,0
CC1(C)C2C(C)=CCC1C2,1
P(=O)(OP(=O)(O[N+](C)(C)C)[O-])(OCC1C(O)C(O)C(N2C(=O)N=C(N)C=C2)O1)O,1
ClC=1C(OC(C)C)=CC(N2C(=O)OC(C(C)(C)C)=N2)=C(Cl)C1,0
O=C(O)C1=CC2=CC=CC=C2C=C1O,0
O=C(OCC(O)C)C=C,1
[Si](O[Si](C)(C)C)(O[Si](C)(C)C)(O[Si](C)(C)C)O[Si](C)(C)C,0
ClCCCCCCCCCl,0
BrC=1C=C2C(=O)C(=C3C(=O)C=4C(S3)=C5C(Cl)=CC=CC5=CC4)NC2=CC1,0
CCCCCCCCCCCCCOP(OC1CCCCC1)OC2CCCCC2,0
O=C(CCCCCC)C,1
ClCCNP1(=O)N(CCCl)CCCO1,0
OCCCCCCCCCCCCCCCCC,1
C=C(C)C1CCC(C)CC1,1
S(=O)(=O)(O)C=1C=C([N+](=O)[O-])C=CC1,0
O=C(O)C1C(C(=O)O)CC=CC1,0
O=[N+]([O-])NC(=N)N,0
OC=1C=C2C(=CC1)C3C(C4C(C)(C(O)(C#C)CC4)CC3)CC2,0
ClC=1C(Cl)=C(Cl)C=C(Cl)C1O,0
O=C(OCC(CCCC)CC)C(=C)C,1
O=C(O)C(C)(C)C=1C=CC(C(O)CCCN2CCC(C(O)(C=3C=CC=CC3)C=4C=CC=CC4)CC2)=CC1,0
ClCC=1C=CC(Cl)=CC1,0
O=C(O)CCCCCCCCCCCCCCCCCCCCC,0
ClC(=O)C=1C=CC(Cl)=CC1,0
O(C(C)(C)C)CCO,0
OC(C)C,1
C1=CC=C2C(=C1)CCCC2,0
C(C)(C)(C)C=1C=CC(C)=CC1,1
BrC=1C(N=NC=2C(C)=CC(N(CCOC(=O)C)CCCC)=CC2)=C(C#N)C=C([N+](=O)[O-])C1,0
C(CC=1C=CC=CC1)C,1
CCOCC,0
OC=1C(C(C)C)=CC=C(C)C1,0
S(=O)(=O)(OC=1C=CC(N=NC=2C(C)=CC(C=3C=C(C)C(N=NC4=C(O)C=CC=5C4=C(S(=O)(=O)O)C=C(S(=O)(=O)O)C5)=CC3)=CC2)=CC1)C=6C=CC(C)=CC6,0
C=CCOC(=O)C(=C)C,1
O=C(N)CCCCCCCC=CCCCCCCCC,0
S(=O)(=O)(O)C=1C=2C(C(N)=CC1)=CC=CC2,0
CCNS(=O)(=O)C(F)(F)C(F)(F)C(F)(F)C(F)(F)C(F)(F)C(F)(F)C(F)(F)F,0
O(C=C)CC(CCCC)CC,0
ClC1=CC(NC(N(C)CCCC)=O)=CC=C1Cl,0
NC=1C=CC(CC=2C=CC(N)=CC2)=CC1,0
OC=1C=C(O)C=C(O)C1,1
O=C=NCC1=CC=CC(CN=C=O)=C1,0
OC(C(N)C)C=1C=CC=CC1,0
C(CCCCC)[Si](Cl)(CCCCCC)CCCCCC,0
OC=1C(N=NC2=C(C)C=CC=C2)=C3C(=CC1)C=CC=C3,0
CCCCCCCC,1
S=P(OC)(OC)OC=1C=CC(C#N)=CC1,0
OCCC=CCC,1
CCCCNCCCC,1
O(C)C1(C)C(O)C(C)OC(OC2C(C)C(=O)OC(CC)C(O)(C)C(O)C(C)C(=O)C(C)CC(O)(C)C(OC3C(O)C(N(C)C)CC(C)O3)C2C)C1,0
OC1C2(C)C(C)(C)C(C1)CC2,1
O=C(N)CCCCCCCCCCCC=CCCCCCCCC,1
BrC(F)(F)C(Br)(F)F,0
S(=O)(=O)(O)C=1C=C(O)C=2C(C1)=CC=C(N)C2,0
ClC=1C(C(=O)O)=C(Cl)C=CC1,0
O(CCO)C=1C=CC(C(C)(C)C=2C=CC(OCCO)=CC2)=CC1,0
S=P1(OC)OC=2C(=CC=CC2)CO1,0
CC1=CC=C(O)C(=C1)C(C)(C)C,0
ClCC(=O)OC=C,1
N(CCC=C1C=2C(=CC=CC2)CCC=3C1=CC=CC3)(C)C,0
O(CC)P(=S)(OC1=CC(C)=NC(C(C)C)=N1)OCC,0
OC(C(NC)C)C=1C=CC=CC1,0
S(=O)(=O)(O)CCCCCCCCCCCC,1
O=C(OCCO)C=C,1
CCCCOCCOCCOC(=O)CCCCC(=O)OCCOCCOCCCC,1
S(=O)(=O)(O)CCN(C(=O)CCCCCCCC=CCCCCCCCC)C,1
S=C(S)NCCNC(=S)S,0
ClC=1C(N)=CC=C(C=2C=C(Cl)C(N)=CC2)C1,0
ClC=1C=C(Cl)C=C(Cl)C1,0
OC=1C(C(C)(C)C)=CC=CC1C,0
O(C1=C(C=2C(C(=C1[H])[H])=C(C(=C(C2[H])[H])[H])[H])C(=O)[H])[H],1
N#CCC=1C=CC=CC1,1
CCOC(=O)C1=CC=CC(O)=C1,1
O=C(NCO)CCCCCCCCCCCCCCCCC,1
ClC=1C(Cl)=C(Cl)C2=C(C1Cl)C(=O)N3C4=C5C(=CC=C4)C=CC=C5N=C23,0
CC(C)CN1CCOCC1,0
NC=1C=CN=CC1,0
N=1C=CC=CC1,1
S(=O)(=O)(O)C=1C=C(C(=O)O)C=CC1,0
CCCCCCCCOCCCCCCCC,1
S(=O)(=O)(NC(=O)C=1C=CC=CC1)C=2C=CC(N)=CC2,0
OCC(CO)(CO)CO,0
ClC(Cl)(Cl)C=1C=CC=CC1,1
ClC1=CC=CC(Cl)=N1,0
ClC=1C(N)=C(Cl)C=C(Cl)C1,0
O=[N+]([O-])C=1C=C(C#N)C(N)=CC1,0
BrCC(CBr)(CO)CO,0
O=C(OCCCCCC)C=C,1
C(C)C=1C=CC(C=2C=CC=CC2)=CC1,0
ClC=1C([N+](=O)[O-])=C(Cl)C=C(Cl)C1,0
O=C1OC(=O)C2C1C3C(C)CC2C(C(C)C)=C3,0
OC1CCCCC1,1
ClC=1C=2NC=3C=4C(=O)C=5C(C(=O)C4C(Cl)=CC3C(=O)C2C=C(Cl)C1)=CC=CC5,0
O=C(C)C1C(=O)OCC1,1
CCCCCCCCCCC,1
OCC(N)(C)C,0
BrC1C(Br)CCC(Br)C(Br)CC1,0
S(=O)(=O)(O)C=1C=2C(=C(S(=O)(=O)O)C=CC2)C=C(N=NC=3C(C)=CC(NC(=O)NC=4C=C(C)C(N=NC=5C=C(S(=O)(=O)O)C=6C(=C(S(=O)(=O)O)C=CC6)C5)=CC4)=CC3)C1,0
CC=1C(C)=CC=CC1C,0
C(#N)SCSC#N,0
NCCCC,1
C(C)(C)C=1C(C)=CC=CC1,0
C(=CCC=CC)CC=CCC=C,0
NC1=CC=CC=C1S(=O)(=O)O,0
ClC=1C(N=NC=2C(NC(=O)C)=CC(N(CCOC(=O)C)CC=3C=CC=CC3)=C(OC)C2)=C([N+](=O)[O-])C=C([N+](=O)[O-])C1,0
ClC=1C(N)=CC(Cl)=CC1,0
OC=1C(C)=CC=CC1C,0
O=C(OC(C)C)C,1
S(=O)(=O)(O)C=1C(N=NC=2C(OC)=CC(C=3C=C(OC)C(N=NC=4C(O)=C5C(N)=CC(S(=O)(=O)O)=CC5=CC4S(=O)(=O)O)=CC3)=CC2)=C(O)C=6C(N)=CC(S(=O)(=O)O)=CC6C1,0
ClC(Cl)C(F)(F)F,0
BrC=1C=2NC(=C3C(=O)C4=C(C(Cl)=CC(Br)=C4)N3)C(=O)C2C=C(Br)C1,0
O=C(O)C=1C=CC=CC1,1
O(C)C1=C(N=NC=2C(O)=CC=C3C2C=CC=C3)C=CC=C1,0
O=C1C=2C(O)=CC=C(O)C2C(=O)C=3C(NCCNCCO)=CC=C(NCCNCCO)C13,0
O=C(OC1C(O)(C(=O)OC)C2N(C)C=3C(=CC(=C(OC)C3)C4(C(=O)OC)C=5NC=6C(C5CCN7CC(O)(CC)CC(C4)C7)=CC=CC6)C28C9C1(CC)C=CCN9CC8)C,0
C(C)C=1C=CC=CC1,0
CCCCCCCCCCCCOC(=O)CCSCCC(=O)OCCCCCCCCCCCC,1
CCCCOP(=O)(OCCCC)OCCCC,0
ClC=1C(C(=O)C)=CC=CC1,0
C1(CCCCCCCCCCCCCCCCCC)CO1,1
OCC(O)C(O)C(O)CO,1
C(C)(C)(C)C=1C=CC=CC1,0
NC(C)(C)C,0
O=S1(=O)OC(C=2C(C)=CC(O)=C(C)C2)(C=3C(C)=CC(O)=C(C)C3)C=4C1=CC=CC4,0
ClC=1C=2N=C3C(N=NC=4C=5C(=O)C=6C(C(=O)C5C=CC4)=CC=CC6)=C(C)NN3C(=O)C2C=C(Cl)C1,0
OC=1C=C(CCCCCCCC=CCCCCCC)C=CC1,1
O(CCOCCO)CCOCC,1
O=[N+]([O-])C=1C(O)=C(C(CC)C)C=C([N+](=O)[O-])C1,0
C[Si](C)(C)O[Si](C)(C)O[Si](C)(C)C,0
ClC=1C(C)=C2C(=O)C(=C3C(=O)C4=C(C)C(Cl)=CC(C)=C4S3)SC2=C(C)C1,0
C(C(=O)OCCCC)(=C)C,1
NCCN,1
OC1C2(C)C(C)(C)C(C1)CC2,1
C(Cl)(Cl)Cl,0
ClC=1C(C)=CC=CC1,0
O=C(CC(C)C)C,1
O=C(OCCCC)C=1C(C(=O)OCC=2C=CC=CC2)=CC=CC1,1
OC,1
BrC=1C(Br)=C(Br)C=C(OC=2C=C(Br)C(Br)=CC2)C1Br,0
ClC(Cl)C(C=1C(Cl)=CC=CC1)C=2C=CC(Cl)=CC2,0
CC1=CC=C(Cl)C=C1NC(=O)C2=CC3=CC=CC=C3C=C2O,0
OCCCN,0
C(C)C=1C(CC)=CC=CC1,0
O=C(C)C=1C=CC=CC1,1
O=[N+]([O-])C=1C=C([N+](=O)[O-])C=C(C)C1,0
O(C)C=1C=CC(OC=2C(N)=C3C(=O)C=4C(C(=O)C3=C(O)C2)=CC=CC4)=CC1,0
O=C(O)C12C(C(C)C(C)CC1)C=3C(C)(C4(C)C(C5(C)C(C(C)(C)C(O)CC5)CC4)CC3)CC2,0
OC=1C(C)=CC=CC1,1
S(=O)(=O)(C=1C=CC(NC=2C=3C(=O)C=4C(C(=O)C3C=CC2)=CC=CC4)=CC1)C=5C=CC=CC5,0
ClC=1C(N)=CC=C(CC=2C=C(Cl)C(N)=CC2)C1,0
S(=O)(=O)(O)C=1C=CC([N+](=O)[O-])=CC1,0
IC=1C(C(=O)O)=CC=CC1,0
[Sn](O[Sn](CCCC)(CCCC)CCCC)(CCCC)(CCCC)CCCC,0
O(C(=O)C=1C(=C(C(=C(C1[H])[H])[H])[H])C(OC(C([H])([H])[H])([H])[H])=O)C(C([H])([H])[H])([H])[H],1
O=C1C=2C(C(=O)C=3SC(C#N)=C(C#N)SC13)=CC=CC2,0
O=C(O)C1C(C(=O)O)C(C(=O)O)CC1C(=O)O,0
O=C(N)C=C,1
S(CCC(=O)OCCCCCCCCCCCCCCCCCC)CCC(=O)OCCCCCCCCCCCCCCCCCC,1
N(CCN)(C)C,0
O=C(N(CCO)CCO)CCCCCCCCCCC,1
C[Si](C)(C)N[Si](C)(C)C,0
CN1CCCC1=O,1
O=C(OCCCCCCCC(C)C)C=1C(C(=O)OCCCCCCCC(C)C)=CC=CC1,0
S(C(=O)N)CC(N(C)C)CSC(=O)N,0
O=C(OCCO)C(=C)C,1
ClC=1C(Cl)=C(Cl)C(OC)=C(OC)C1Cl,0
C1C=CCCC=CCCC=CC1,0
ClC1=CC2=NN(C=3C(O)=C(C(C)(C)C)C=C(C(C)(C)C)C3)N=C2C=C1,0
N#CC=1C(C#N)=CC=CC1,0
CC#CC,0
NCCCCCCN,1
[Sn](OC(=O)C(CC(O[Sn](CCCC)(CCCC)CCCC)=O)CCCCCCCC)(CCCC)(CCCC)CCCC,0
O=[N+]([O-])C=1C(C)=CC=CC1,0
O=C(O)CCCCCCCCCCC(O)CCCCCC,1
O=C(NC=1C(OC)=CC=CC1)CC(=O)C,0
CCN(CCO)S(=O)(=O)C(F)(F)C(F)(F)C(F)(F)C(F)(F)C(F)(F)C(F)(F)F,0
C1=CCCCC1,0
ClCC=C,1
C=1(C2C=CCCC2)C=CC(C3CC=CCC3)=CC1,0
O=C(O)C=1N=C(C(=O)O)C=CC1,1
O=[N+]([O-])C=1C=CC(N=NC=2C(NC(=O)C=3C=CC=CC3)=CC(N(C(OC(=O)C)C)C(OC(=O)C)C)=CC2)=CC1,0
O=C(OC1OC(C)OC(C)C1)C,1
BrC1=C(N=NC2=C(NC(=O)C)C=C(N(CC=C)CC=3C=CC=CC3)C(OC)=C2)C([N+](=O)[O-])=CC([N+](=O)[O-])=C1,0
O=C(OCC)C=1C=C2C(=O)OC(C3=C(C)N(CC)C=4C3=CC=CC4)(C=5C(OCC)=CC(N(CC)CC)=CC5)C2=CC1,0
C(=O)(CCCCCCCCCCCCCCCCC)CCCCCCCCCCCCCCCCC,0
O(C#N)C=1C=CC(C(C)(C)C=2C=CC(OC#N)=CC2)=CC1,0
O1C(C(C(C1=O)([H])[H])([H])[H])([H])[H],1
IC=1C(O)=CC=CC1,0
OC=1C=2N=CC=CC2C=CC1,0
BrC=1C(Br)=C(OC=2C(Br)=C(Br)C=C(Br)C2)C=CC1Br,0
C1CCCCC1,0
C(=S)(N1CCCCC1)SSSSC(=S)N2CCCCC2,0
[N+](CC=1C=CC=CC1)(C)(C)C.[Cl-],0
O=C(NC=1C=CC(O)=CC1)C,1
P(=O)(OC=1C=CC(C(C)C)=CC1)(OC=2C=CC(C(C)C)=CC2)OC=3C=CC(C(C)C)=CC3,0
O=C(O)C(O)(CC(=O)O)CC(=O)O,1
OC(CN(CC(O)C)CCN(CC(O)C)CC(O)C)C,0
O=C(OC=1C(C(CC)C)=CC=CC1)NC,0
S(=O)(=O)(O)C=1C=CC=CC1,1
BrC(C(=O)NC=1C(=O)N(N(C)C1C)C=2C=CC=CC2)C,0
O=C(O)CN(C(=O)CCCCCCCCCCC)C,1
O=C(CCC=C(C)C)C,1
P(=O)(OC=1C=CC(C)=CC1)(OC=2C=CC=CC2)OC=3C=CC=CC3,0
ClCCOCCCl,0
CCCCCCCCCCCCCCCCCCN(C)C,0
OC=1N=C(O)N=C(O)N1,0
O=C1OC(=O)C2C1C3C(C)=CC2C3,0
C=COC(=O)CCCCC,1
ClC=1N=CC=CC1,0
O=C(OCC)C=1C=C2C(C3=C(C)N(CC)C=4C3=CC=CC4)(C=5C(OCC)=CC(N(CC)CC)=CC5)OC(=O)C2=CC1,0
O=[N+]([O-])C=1C(OC)=C(N)C=CC1,0
OCC=C(CCC=C(C)C)C,1
OC=1C(C)=C(C)C(O)=CC1C,0
ClC=1C=CC(O)=CC1,0
BrC=1C(Br)=C(C=2C(Br)=C(Br)C(Br)=CC2)C=CC1Br,0
S=P(OCC)(OC=1C=CC([N+](=O)[O-])=CC1)C=2C=CC=CC2,0
O=C(NC1C(=O)N2C(C(=O)O)C(C)(C)SC12)CC=3C=CC=CC3,0
ClC=1C(N)=CC(C(=O)O)=CC1,0
ClC(Cl)C,0
BrC(CBr)CCl,0
O=C(O)C1C(C)(C)SC2C(NOCC(N)C=3C=CC=CC3)C(=O)N12,0
O=C(OC1C(O)(C(=O)OC)C2N(C=O)C=3C(=CC(=C(OC)C3)C4(C(=O)OC)C=5NC=6C(C5CCN7CC(O)(CC)CC(C4)C7)=CC=CC6)C28C9C1(CC)C=CCN9CC8)C,0
OCCCCCCC,1
[Sn](F)(C=1C=CC=CC1)(C=2C=CC=CC2)C=3C=CC=CC3,0
N(C=1C=CC(N)=CC1)C=2C=CC=CC2,0
[Sn](SC(=S)N(C)C)(C=1C=CC=CC1)(C=2C=CC=CC2)C=3C=CC=CC3,0
S(CC1=C(C(=O)O)N2C(=O)C(NC(=O)CC=3N=C(N)SC3)C2SC1)C=4N(CCN(C)C)N=NN4,0
ClC(C=1C=CC(OC)=CC1)(C=2C=CC(OC)=CC2)C=3C=CC=CC3,0
P(OCC=1C=CC=CC1)(OCC=2C=CC=CC2)OCC=3C=CC=CC3,1
ClCC(OP(=O)(OC(CCl)C)OC(CCl)C)C,0
C=CC(=O)OCCN1C(=O)N(CCOC(=O)C=C)C(=O)N(C1=O)CCOC(=O)C=C,0
OC(CN(CC(O)C)CC(O)C)C,0
[Bi](C=1C=CC=CC1)(C=2C=CC=CC2)C=3C=CC=CC3,0
ClC=1C=CC(C)=CC1,0
CCCCCCCCCCCCOCCCCCCCCCCCC,1
OC(CCl)CCl,1
ClC=1C(O)=C(Cl)C=CC1,0
CCCCCCCCCCCCCCCCCCCCCCC,1
C(=O)(C(Br)C(Br)C(=O)O[Sn](CCCC)(CCCC)CCCC)O[Sn](CCCC)(CCCC)CCCC,0
O=CC=1C=CC(C=O)=CC1,1
CCCCCCCCCCCCCCCCCC(=O)N(CCO)CCO,1
S(=O)(=O)(O)C=1C(N)=CC=C(C)C1,0
ClC=1C(N=NC=2C(O)=CC=C3C2C=CC=C3)=CC=C([N+](=O)[O-])C1,0
ClC=1C(Cl)=C(Cl)C=C(O)C1OC,0
ClC(Cl)C(=O)O,1
CCCCCCCCCCCCCCCCCCCCCC,1
ClC=1C(NC(=O)C(OC=2C=CC(C(=O)O)=CC2)C(=O)C(C)(C)C)=CC=C(Cl)C1,0
COC,0
O(OC(C)(C)C=1C=CC=CC1)C(C)(C)C=2C=CC=CC2,0
S(=O)(=O)(O)C=1C=C(C(=O)OC)C=C(C(=O)OC)C1,0
CNS(=O)(=O)C(F)(F)C(F)(F)C(F)(F)C(F)(F)C(F)(F)F,0
ClC(Cl)(Cl)Cl,0
OC=1C(C(C)C)=CC=CC1C(C)C,0
C12CC3CC(C1)CC(C3)C2,0
ClC=1C(N)=CC(Cl)=CC1C(=O)O,0
CC1C(C)CCCC1,0
CN1CCCCC1,0
ClCCN(CCCl)P1(=O)OCCCN1,0
ClC=1N=C(NC(C)C)N=C(NCC)N1,0
BrCCCCCCCCCCCCCCCC,1
C(CO)SCCO,0
C(C)CCCCCCCCCC,1
O=C(OC1CC2N3C(C1)CC(C(=O)C3)C2)C=4C=5C(NC4)=CC=CC5,0
C(CCCCCCC)[Sn](CCCCCCCC)(CCCCCCCC)CCCCCCCC,0
O=[N+]([O-])C=1C(N=NC=2C(O)=CC=C3C2C=CC=C3)=CC=C([N+](=O)[O-])C1,0
OCCCCCCCCCCCCCC,1
ClC=1C(Cl)=C(Cl)C(=C(Cl)C1Cl)C=2C=C(Cl)C=CC2,0
O=C1SC=2N=C3C(=NC2S1)C=CC(C)=C3,0
CCCC,1
S(=O)(=O)(O)C=1C(C)=CC=C([N+](=O)[O-])C1,0
O=C(OCC(C(O)C(C)C)(C)C)C(C)C,1
CC1=CC=CN=C1,0
ClC(Cl)(Cl)C(=O)O,0
CCCCCCCCCCCCCCCCC,1
ClC=1C=CC(C(O)(C(=O)OCC)C=2C=CC(Cl)=CC2)=CC1,0
C1=CC(=CC(=C1)C(=O)O)C(=O)O,1
OC=1C(C)=C(C)C=CC1C,0
O(CCN(CC)C=1C=C(C)C(C=C(C#N)C#N)=CC1)C=2C=CC(C3CCCCC3)=CC2,0
O=C(O)CC(=O)O,1
NC1=CC=C(Cl)C(Cl)=C1,0
ClC1=CC=CC(CCCC2=CC=CC=N2)=C1,0
S(N1CCOCC1)C=2SC=3C(N2)=CC=CC3,0
P(OCC1(CC)COC1)(OCC2(CC)COC2)OC=3C=CC(C(C)(C)C=4C=CC(OP(OCC5(CC)COC5)OCC6(CC)COC6)=CC4)=CC3,0
N(CC)C=1C=CC=CC1,0
O=CC1=CC=CO1,1
C=1(C2OC2)C=CC=CC1,1
BrC1=C(N=NC=2C(C)=CC(N(CC)CC)=CC2)C(C#N)=CC(C)=C1,0
[Sn](OC=1C(Cl)=C(Cl)C(Cl)=C(Cl)C1Cl)(CCCC)(CCCC)CCCC,0
C(C)(C)C1C=2C(=CC=CC2)CCC1,0
ClC1=C(N=NC=2C=CC(NC=3C=CC([N+](=O)[O-])=CC3)=CC2)C(Cl)=CC([N+](=O)[O-])=C1,0
CCCCCCCCCCCCCCCCCCCCCCCC,1
O=CCCCCCCCC,0
CC=1C(C)=CC(C)=C(C)C1,0
O=C,1
O1C2=C(OC)C=3OC=CC3C=C2C=CC1=O,0
ClC=1C(Cl)=CC=C(O)C1,0
O(C)C=1C=CC=CC1,1
ClC(C(=O)OCC)=CC(=O)OCC,0
ClC=1C(O)=C2C(=C(Cl)C1)C=CC=C2,0
OCC1C2C3C(C(C1)C2)CC(CO)C3,0
O=C(ON=C1C=CC(=NOC(=O)C2=CC=CC=C2)C=C1)C3=CC=CC=C3,0
O(C(COCC(O)C)C)CC(O)C,0
ClCCCl,0
CCCCCCCCCCCCCCCCCCOP1OCC2(COP(OC2)OCCCCCCCCCCCCCCCCCC)CO1,1
ClC(Cl)(F)C(Cl)(Cl)F,0
O=[N+]([O-])C=1C(C)=C([N+](=O)[O-])C=C2C(C)(C)CC(C)(C)C12,0
O=C(O)C(=C)C,1
O=S1(=O)OCCC1,1
O=C(O)CCCCCCCCCCCN,1
CCCCCCCCCCCCCCCCCCC,1
ClC=1C(Cl)=CC(Cl)=C(OP(=S)(OCC)OCC)N1,0
S(=O)(O)C=1C=CC=CC1,0
C=12C3=CC=CC1CCC2=CC=C3,0
O=C(O)CC#N,1
N1C=CN=C1,1
ClC=1C=C(O)C(C)=CC1,0
O=[N+]([O-])C=1C(N=NC2=C(O)C(C(=O)NC=3C=CC=CC3)=CC=4C2=CC=CC4)=CC=C([N+](=O)[O-])C1,0
ClC=1C(N)=CC=CC1,0
BrCCCCCCCCCCBr,0
N(CC)C=1C=CC(C)=CC1,0
OCC1CO1,1
OC=1C(C(CC)C)=CC=CC1,0
O=C(OC)C=C,1
S(=O)(=O)(O)C=1C=2C(N)=CC=CC2C=CC1,0
OC=1C(C)=CC(C)=CC1C,0
O=C(O)C=1C=2C(C=CC1)=CC=CC2,0
[N+](=O)(C=1C([N+](=O)[O-])=CC=CC1)[O-],0
CC1=CC=NC(C)=C1,1
S(=O)(=O)(NCCCC)C=1C=CC=CC1,0
C(=S)(NC1CCCCC1)NC2CCCCC2,0
N#CCCCCC#N,1
O=C(O)CCCCCC,1
O=C(CC(O)(C)C)C,1
OCC1OCCC1,1
ClC=1C(OC)=CC(OC)=C(NC(=O)C=2C(O)=C(N=NC=3C(OC)=CC=C(C(=O)NC=4C=CC(C(=O)N)=CC4)C3)C=5C(C2)=CC=CC5)C1,0
C(=O)=NC1CCC(CC2CCC(N=C=O)CC2)CC1,0
N#CC(NNC(C#N)(C)C)(C)C,0
C=CCN1C(=O)N(CC=C)C(=O)N(CC=C)C1=O,0
O=C(OC(OC(=O)C)C=C)C,1
S(=O)(O)C=1C=CC(C)=CC1,1
O=C1NCCCCCCCCCCC1,0
ClC=1C(OC)=CC(NC(=O)CC(=O)C)=C(OC)C1,0
ClC1(Cl)C2(Cl)C(Cl)=C(Cl)C1(Cl)C3C2C4C5OC5C3C4,0
CCC1=CC=CC(=C1)CC,0
O=C(OCCCC)C,1
ClC=1C(C#N)=CC=CC1,0
Cl[Si](C=1C=CC=CC1)(C=2C=CC=CC2)C=3C=CC=CC3,0
BrC=1C(OC(=O)CCCCCCC)=C(Br)C=C(C#N)C1,1
O(CC1OC1)C=2C=CC=CC2,0
OC=1C(C(C)(C)C)=CC=CC1,0
O=C1C(=C2C(=O)C3=C(N2)C=CC=C3)NC4=C1C=CC=C4,0
C(C=1C=CC(=CC1)O)=O,1
C(C)(C)C=1C(C(C)C)=CC=CC1,0
OCC#C,1
OCC(CO)(CCCC)CC,0
N(C)C=1C(C)=CC=CC1,0
[Si](O[Si](O[SiH](C)C)(C)C)(O[SiH](C)C)(C)C,0
CC(=O)C(N=NC1=CC=C(C2=CC=C(N=NC(C(C)=O)C(=O)NC3=CC=CC=C3C)C(Cl)=C2)C=C1Cl)C(=O)NC4=CC=CC=C4C,0
OC(=O)C1=CC=CN=C1C(=O)O,1
N(C=1C=CC(CCCCCCCC)=CC1)C=2C=CC(CCCCCCCC)=CC2,0
CC=1C=2C(C=CC1)=CC=CC2,0
O=C1C(C=CCCCCCCCCCCCCCCCC)CC(=O)O1,0
C1CO1,1
C=12C3=CC=CC1C=4C(C2=CC=C3)=CC=CC4,0
C(CC)CC=1C=CC=CC1,0
ClC1=C(Cl)C=C2C(OC3=C(O2)C=C(Cl)C(Cl)=C3)=C1,0
BrC=1C(O)=C(Br)C=C(C(C=2C(C(=O)OCC)=CC=CC2)=C3C=C(Br)C(=O)C(Br)=C3)C1,0
C(C)(C)C1=CCC(C)=CC1,1
O=C(O)C(N)CCCN=C(N)N,1
OC(C(O)C(O)CO)C(O)CO,1
C(#N)CCNCCC#N,0
CC1CO1,1
CC=1C=2C(C(C)=CC1)=CC=CC2,0
CCN(CC)C(=O)C1=CC=CC(C)=C1,0
FC(F)(F)C(F)(F)C(F)(F)OC(F)=C(F)F,0
O=S1(=O)N=C(OCC=C)C=2C1=CC=CC2,0
O=C1C=2C(NC=3C1=CC=4NC=5C(C(=O)C4C3)=CC(C)=CC5)=CC=C(C)C2,0
S(=O)(=O)(O)C(C(=O)OCC(CCCC)CC)CC(=O)OCC(CCCC)CC,0
C(F)(F)(F)C1(F)C(F)(F)C(F)(F)C(F)(F)C(F)(F)C1(F)C(F)(F)F,0
O=S1(=O)CCCC1,0
BrC=1C(N=NC=2C=CC(N(CCOC(=O)C)CCOC(=O)C)=CC2)=C(Br)C=C([N+](=O)[O-])C1,0
C1CCCCC1N=C=NC2CCCCC2,0
O=C(O)C1C(C2C(C(=O)O)CCCC2)CCCC1,1
OC(CC(C)C)C,1
ClCC(O)CO,1
O=[N+]([O-])C=1C=C(O)C=CC1,1
C(C)(C)(C)C=1C=C(C(C)(C)C)C=C(C(C)(C)C)C1,0
ClC(F)F,0
BrC1=C(N=NC2=C(NS(=O)(=O)C)C=C(N(CCC)CCC)C=C2)C(C#N)=CC(C)=C1,0
N1(C=2C(C(=C1[H])[H])=C(C(=C(C2[H])[H])[H])[H])[H],1
O(O)C(C)(C)C=1C=CC=CC1,0
O=C(O)C=1C(O)=C(C(C)(C)C)C=C(C(C)(C)C)C1,0
S(=O)(=O)(O)C=1C=C(C[N+](CC)=C2C=CC(=C(C=3C=CC(N(CC)CC=4C=C(S(=O)(=O)[O-])C=CC4)=CC3)C=5C=CC(N(C)C)=CC5)C=C2)C=CC1,0
BrCCl,0
ClC1C(Cl)C(Cl)C(Cl)C(Cl)C1Cl,0
O=C(O)C=1C=CC(C(=O)O)=CC1,1
O(CC1OC1)C=2C(C)=CC(C=3C=C(C)C(OCC4OC4)=C(C)C3)=CC2C,0
O=C(CC(OC)(C)C)C,0
CC(CCl)OC(C)CCl,0
ClC(Cl)=C,0
C(C)(C)C1=C(C(C)C)C=CC=2C1=CC=CC2,0
ClCCCCCCCCCCCC,1
P(OC=1C=CC(CCCCCCCCC)=CC1)(OC=2C=CC(CCCCCCCCC)=CC2)OC=3C=CC(CCCCCCCCC)=CC3,0
O=CC1CC=C(CCCC(O)(C)C)CC1,1
OC1C(O)CCC(C=C)C1,0
BrC=1C(O)=C(Br)C=C(C(C)(C)C=2C=C(Br)C(O)=C(Br)C2)C1,0
O=C1N=C2N(CC(O)C(O)C(O)CO)C=3C(N=C2C(=O)N1)=CC(C)=C(C)C3,0
O=NN(C)C,0
OCC(COCC(CO)(CO)CO)(CO)CO,0
ClC=1C(C=O)=C(Cl)C=CC1,0
CSSC,0
ClC=1N=C(C(=O)O)C=CC1,0
O=C(OCC(C)C)C,1
O=C(OC)CCCCCCCC=CCCCCCCCC,1
NCC(C)C,1
CC=1C=C(C=2C=CC=CC2)C=CC1,0
CCNC1=CC=CC2=CC=CC=C12,0
CNC(OC1=CC=CC=C1C(C)C)=O,0
O=C(O)CCCCC,1
O=C(OCC(CCCC)CC)C=1C(C(=O)OCC(CCCC)CC)=CC=CC1,1
ClC(C=1C=CC=CC1)(C=2C=CC=CC2)C=3C=CC=CC3,0
OC=1C=CC(CCCCCCCCC)=CC1,0
O=C1C=2C(O)=CC=CC2C(=O)C=3C1=CC=CC3,0
OCCCCCO,1
